hash,initial_buffer_time,Rebuffer_count,average_duration_of_stalling_event,mean(seqPSNR),averageWeightedBitrate,st_events_max,bitrate_pos_changes_count,bitrate_neg_changes_count,bitrate_max_pos_change,bitrate_max_neg_change,bitrate_mean_pos_change,bitrate_mean_neg_change,freq_of_st,Bitrate_switch_count,freq_of_sw,Rebuffer_percentage,Average_Bitrate_Swithcing_magnitude,Average_relative_Bitrate_Swithcing_magnitude,Ratio_on_highest_sequense_quality_layer,Ratio_on_minimum_sequense_quality_layer,Ratio_on_sequense_quality_layer_max_2,width_height,SI,TI,content,motion,Constant_bitrate,MOS
0,1.8,3,0.74444,27.5826,222,1.0667,0,0,0,0,0,0,0.21377723,0,0,0.182559081,0,0,0.817440919,0.817440919,0,76800,96,97,animation,high motion,1,31.3769901
1,0.53333,0,0,29.5138,527.6,0,3,0,302,0,250.6666667,0,0,3,0.284811028,0,250.6666667,250.6666667,0.2000006,0.4000012,0,158700,96,97,animation,high motion,0,51.00620516
2,0.7,0,0,31.7743,1186.8,0,3,0,1416,0,820,0,0,3,0.280373832,0,820,820,0.2,0.4,0.4,341320,96,97,animation,high motion,0,48.94800908
3,0.26667,0,0,31.0625,1014.8,0,2,0,1708,0,1230,0,0,2,0.194804562,0,1230,1230,0.1999994,0.3999988,0.1999994,276480,96,97,animation,high motion,0,58.3435
4,0.2,0,0,31.2189,1140,0,3,0,1082,0,820,0,0,3,0.294117647,0,820,820,0.2,0.4,0.4,283392,96,97,animation,high motion,0,62.81732226
5,0.16667,0,0,31.0221,900.8,0,2,1,1138,-1138,945,-1138,0,3,0.295081,0,1009.333333,250.6666667,0.1999994,0.3999988,0.1999994,276480,96,97,animation,high motion,0,43.93822476
6,0.2,0,0,32.0326,1242.4,0,3,0,1138,0,820,0,0,3,0.294117647,0,820,820,0.2,0.4,0.4,368640,96,97,animation,high motion,0,64.33880322
7,0.16667,0,0,32.5991,1574.8,0,3,0,1708,0,1184,0,0,3,0.295081,0,1184,1184,0.1999994,0.3999988,0.3999988,494592,96,97,animation,high motion,0,62.89097094
8,1.2,0,0,29.045,420.8,0,1,0,172,0,172,0,0,1,0.089285714,0,172,172,0.4,0,0,141810,96,97,animation,high motion,0,45.60956353
9,1.2,0,0,30.0774,669.6,0,2,0,344,0,311,0,0,2,0.178571429,0,311,311,0.4,0,0,196608,96,97,animation,high motion,0,52.1094463
10,1.2,2,3.2333,32.4019,1533.6,6.3,2,1,2330,-1082,1706,-1082,0.113207334,3,0.169811,0.39271378,1498,776.6666667,0.242914488,0,0.364371732,403691,96,97,animation,high motion,0,46.13657856
11,1.1667,0,0,30.5988,829.2,0,4,0,626,0,312,0,0,4,0.358207886,0,312,312,0.2,0,0.2,222859,96,97,animation,high motion,0,56.50608547
12,1.8333,0,0,29.7693,558.4,0,0,1,0,-172,0,-172,0,1,0.08450728,0,172,-172,0.2,0,0,196608,96,97,animation,high motion,0,62.34586437
13,1.8333,1,0.36667,30.0079,661.6,0.36667,1,1,172,-172,172,-172,0.081967213,2,0.163934426,0.035372877,172,0,0.771701699,0,0,196608,96,97,animation,high motion,0,43.17364597
14,1.8333,2,0.45,30.0641,696,0.53333,0,0,0,0,0,0,0.157068474,0,0,0.082568807,0,0,0.917431193,0,0,196608,96,97,animation,high motion,1,52.5131915
15,8.8333,3,0.75556,28.1378,372.4,1.1,0,1,0,-752,0,-752,0.142180095,1,0.047393365,0.184784824,752,-752,0.163043035,0.652172141,0,110592,96,97,animation,high motion,0,13.73198499
16,2.5333,0,0,29.9489,614,0,0,1,0,-450,0,-450,0,1,0.079787446,0,450,-450,0.2,0,0,216411,96,97,animation,high motion,0,49.42005373
17,1,0,0,31.23,974,0,0,0,0,0,0,0,0,0,0,0,0,0,1,0,0,307200,96,97,animation,high motion,1,62.73786272
18,1.1667,0,0,31.5336,1099.2,0,1,0,626,0,626,0,0,1,0.089551971,0,626,626,0.2,0,0.2,314880,96,97,animation,high motion,0,67.5170543
19,1.1667,0,0,32.2404,1315.6,0,1,0,1708,0,1708,0,0,1,0.089551971,0,1708,1708,0.2,0,0.2,405504,96,97,animation,high motion,0,64.93022972
20,1.5667,1,3.8333,32.3751,1452,3.8333,2,0,626,0,569,0,0.064935065,2,0.12987013,0.277106692,569,569,0.144578662,0,0.433735985,422400,96,97,animation,high motion,0,54.71243383
21,1.1667,0,0,33.488,2244.4,0,2,0,4474,0,2550,0,0,2,0.179103943,0,2550,2550,0.2,0,0.6,556800,96,97,animation,high motion,0,68.11886956
22,0.9,0,0,31.9517,1474.8,0,1,0,626,0,626,0,0,1,0.091743119,0,626,626,0.8,0,0.8,337920,96,97,animation,high motion,0,72.4539381
23,1,0,0,33.3039,1679.6,0,2,0,626,0,569,0,0,2,0.181818182,0,569,569,0.4,0,0.8,534528,96,97,animation,high motion,0,74.32699483
24,1,0,0,33.4722,1793.6,0,3,0,626,0,569.3333333,0,0,3,0.272727273,0,569.3333333,569.3333333,0.2,0,0.8,534528,96,97,animation,high motion,0,73.77491608
25,1,0,0,34.7072,2228.4,0,4,0,1092,0,700,0,0,4,0.363636364,0,700,700,0.2,0,0.8,812928,96,97,animation,high motion,0,74.71602832
26,0.7,1,1.6,32.1829,1452,1.6,1,2,1138,-626,1138,-569,0.081300813,3,0.243902439,0.137931034,758.6666667,0,0.172413793,0,0.517241379,422400,96,97,animation,high motion,0,65.13490768
27,0.73333,0,0,34.6755,1998.4,0,2,0,1138,0,854,0,0,2,0.186335982,0,854,854,0.2000006,0,0.8000024,774144,96,97,animation,high motion,0,74.54457658
28,0.43333,2,0.21667,37.89,2995.6,0.36667,1,1,2800,-1092,2800,-1092,0.184048515,2,0.184048515,0.041534039,1946,854,0.575077851,0,0.766770468,1363968,96,97,animation,high motion,0,66.32636267
29,0.46667,0,0,38.3834,3214,0,1,0,2800,0,2800,0,0,1,0.095541097,0,2800,2800,0.7999976,0,0.7999976,1597440,96,97,animation,high motion,0,85.36209912
30,0.4,3,1.4333,38.7096,3469.6,3.9667,2,1,2800,-1278,2039,-1278,0.204081633,3,0.204081633,0.300699301,1785.333333,933.3333333,0.13986014,0,0.559440559,1597440,96,97,animation,high motion,0,56.48286518
31,0.36667,1,5.9,39.8075,4440.8,5.9,2,1,4078,-1022,2550,-1022,0.061475284,3,0.184425852,0.371070369,2040.666667,1359.333333,0.125785926,0,0.503143705,1597440,96,97,animation,high motion,0,61.88735781
32,0.36667,0,0,39.9674,4645.2,0,2,0,4078,0,2550,0,0,2,0.192925425,0,2550,2550,0.3999988,0,0.7999976,1597440,96,97,animation,high motion,0,80.59486456
33,1.5667,0,0,32.06,1600,0,0,0,0,0,0,0,0,0,0,0,0,0,1,0,1,345600,96,97,animation,high motion,1,71.42617976
34,1.2667,0,0,32.06,1600,0,0,0,0,0,0,0,0,0,0,0,0,0,1,0,1,345600,96,97,animation,high motion,1,67.37963281
35,1.5667,0,0,32.5986,1702.4,0,1,0,512,0,512,0,0,1,0.086455082,0,512,512,0.2,0,1,439296,96,97,animation,high motion,0,67.25961682
36,1.2667,0,0,34.7838,2123.6,0,2,0,570,0,541,0,0,2,0.177514268,0,541,541,0.2,0,1,784896,96,97,animation,high motion,0,80.6649387
37,1.3,0,0,34.8569,2237.6,0,2,0,570,0,541,0,0,2,0.17699115,0,541,541,0.4,0,1,784896,96,97,animation,high motion,0,80.97659119
38,1.2667,0,0,35.4347,2570,0,3,0,1092,0,724.6666667,0,0,3,0.266271402,0,724.6666667,724.6666667,0.2,0,1,964224,96,97,animation,high motion,0,81.25068099
39,1.8333,2,0.36667,33.1966,1793.6,0.63333,1,3,1708,-1082,1708,-740,0.159150771,4,0.318301543,0.068328768,982,-128,0.186334246,0,0.745336985,534528,96,97,animation,high motion,0,67.24427937
40,1.3667,2,1.2167,32.5311,1554.4,1.2667,0,2,0,-626,0,-569,0.144927536,2,0.144927536,0.195708299,569,-569,0.32171668,0,0.48257502,525312,96,97,animation,high motion,0,63.31468092
41,1.7667,2,1.0833,32.8347,1679.6,1.3,1,2,626,-626,626,-569,0.143541013,3,0.21531152,0.178077688,588,-170.6666667,0.328768925,0,0.65753785,534528,96,97,animation,high motion,0,57.46772102
42,1.8,2,1.25,33.5032,1782,1.4,1,1,626,-1138,626,-1138,0.13986014,2,0.13986014,0.2,882,-256,0.48,0,0.64,648960,96,97,animation,high motion,0,65.1162634
43,1.6333,3,0.4,37.8095,3337.2,0.63333,0,1,0,-1092,0,-1092,0.233766841,1,0.07792228,0.107142857,1092,-1092,0.535714286,0,0.892857143,1557504,96,97,animation,high motion,0,66.38349947
44,1.6,3,0.63333,38.9699,3555.6,1.4667,0,1,0,-1092,0,-1092,0.222222222,1,0.074074074,0.159663866,1092,-1092,0.672268908,0,0.840336134,1806336,96,97,animation,high motion,0,68.23156482
45,1.5667,0,0,39.4634,3774,0,0,0,0,0,0,0,0,0,0,0,0,0,1,0,1,2073600,96,97,animation,high motion,1,86.26042542
46,1.6333,4,0.85833,39.4634,3774,2.7667,0,0,0,0,0,0,0.265486138,0,0,0.255586821,0,0,0.744413179,0,0.744413179,2073600,96,97,animation,high motion,1,60.76218358
47,1.5667,0,0,39.7547,4029.6,0,1,0,1278,0,1278,0,0,1,0.086455082,0,1278,1278,0.2,0,1,2073600,96,97,animation,high motion,0,76.31033464
48,2.4,4,1.1333,37.7827,3722.4,1.9,0,4,0,-1662,0,-1118.5,0.236220937,4,0.236220937,0.311925027,1118.5,-1118.5,0.137614995,0,0.688074973,1378176,96,97,animation,high motion,0,59.16634244
49,2.4,4,1.5,38.3943,3938.8,2.1333,0,4,0,-1278,0,-990.5,0.217391304,4,0.217391304,0.375,990.5,-990.5,0.125,0,0.625,1557504,96,97,animation,high motion,0,50.40246519
50,1.9,3,1.9556,40.0492,4526.8,3.0333,0,3,0,-1278,0,-1130.666667,0.168855218,3,0.168855218,0.369749223,1130.666667,-1130.666667,0.126050155,0,0.630250777,1806336,96,97,animation,high motion,0,57.61518873
51,1.9667,0,0,41.1681,5256.4,0,0,1,0,-1022,0,-1022,0,1,0.083565227,0,1022,-1022,0.2,0,1,2073600,96,97,animation,high motion,0,92.39987509
52,2.4,3,1.2667,36.0932,3606,1.8333,0,2,0,-3392,0,-2237,0.185185185,2,0.12345679,0.275362319,2237,-2237,0.289855072,0,0.724637681,1007616,96,97,animation,high motion,0,61.55419869
53,1.9,3,2.0444,39.0264,4489.2,3.7,0,1,0,-3962,0,-3962,0.166358903,1,0.055452968,0.380164009,3962,-3962,0.371901595,0,0.619835991,1557504,96,97,animation,high motion,0,56.07948336
54,1.9,3,1.8444,38.5609,4500.8,3.4333,0,2,0,-3392,0,-2237,0.172084459,2,0.114722973,0.356221794,2237,-2237,0.386266923,0,0.643778206,1378176,96,97,animation,high motion,0,60.26445419
55,1.9,3,2.6667,40.2598,4821.6,3.7333,0,2,0,-2300,0,-1981,0.150753769,2,0.100502513,0.444444444,1981,-1981,0.333333333,0,0.555555556,1806336,96,97,animation,high motion,0,55.90977448
56,1.9667,1,0.066667,41.8834,6074,0.066667,0,0,0,0,0,0,0.083102723,0,0,0.006615938,0,0,0.993384062,0,0.993384062,2073600,96,97,animation,high motion,1,87.11098688
57,1.7667,3,0.57778,32.3694,212,0.73333,0,0,0,0,0,0,0.222222222,0,0,0.147724851,0,0,0.852275149,0.852275149,0,76800,44,68,nature,smooth motion,1,31.99882415
58,0.5,1,0.16667,33.9921,402.2,0.16667,2,1,417,-684,342,-684,0.093749707,3,0.281249121,0.016393717,456,0,0.196720666,0.590161999,0,133352,44,68,nature,smooth motion,0,39.92175399
59,0.7,0,0,35.4514,736,0,2,1,1315,-1315,875,-1315,0,3,0.280373832,0,1021.666667,145,0.2,0.4,0.2,231084,44,68,nature,smooth motion,0,57.43086971
60,0.26667,0,0,35.7425,745,0,2,1,684,-613,648.5,-613,0,3,0.292206843,0,636.6666667,228,0.1999994,0.3999988,0.1999994,202752,44,68,nature,smooth motion,0,54.3357947
61,0.16667,0,0,35.7315,785.8,0,2,1,1066,-1315,875,-1315,0,3,0.295081,0,1021.666667,145,0.1999994,0.3999988,0.1999994,252968,44,68,nature,smooth motion,0,54.12332892
62,0.2,0,0,36.0356,835.6,0,2,1,1066,-1066,875,-1066,0,3,0.294117647,0,938.6666667,228,0.2,0.4,0.2,276480,44,68,nature,smooth motion,0,53.45737426
63,0.26667,0,0,36.9741,1048.8,0,2,0,1066,0,875,0,0,2,0.194804562,0,875,875,0.3999988,0.3999988,0.3999988,368640,44,68,nature,smooth motion,0,58.42223287
64,0.2,0,0,37.0797,1163.8,0,3,0,1066,0,775,0,0,3,0.294117647,0,775,775,0.2,0.4,0.4,368640,44,68,nature,smooth motion,0,60.45434058
65,0.16667,0,0,37.9221,1486.6,0,3,0,1641,0,1121.333333,0,0,3,0.295081,0,1121.333333,1121.333333,0.1999994,0.3999988,0.3999988,494592,44,68,nature,smooth motion,0,66.40429726
66,1.0333,0,0,34.1826,386.6,0,1,0,154,0,154,0,0,1,0.090634715,0,154,154,0.4,0,0,141810,44,68,nature,smooth motion,0,45.12541779
67,1.0333,0,0,35.8182,648.6,0,3,0,249,0,190.3333333,0,0,3,0.271904145,0,190.3333333,190.3333333,0.4,0,0,216411,44,68,nature,smooth motion,0,62.08365212
68,1.0333,0,0,36.0278,771.2,0,4,0,613,0,296,0,0,4,0.36253886,0,296,296,0.2,0,0.2,222859,44,68,nature,smooth motion,0,62.42569012
69,1.0333,2,3.7167,38.6488,1568,6.6,3,1,2058,-575,929,-575,0.108303054,4,0.216606107,0.426388427,840.5,553,0.229444629,0,0.344166944,536002,44,68,nature,smooth motion,0,42.53767965
70,1.4333,0,0,35.1864,512.6,0,0,1,0,-168,0,-168,0,1,0.087463812,0,168,-168,0.2,0,0,196608,44,68,nature,smooth motion,0,54.24127126
71,1.4333,3,0.35556,35.7069,647,0.4,0,0,0,0,0,0,0.24,0,0,0.096388264,0,0,0.903611736,0,0,196608,44,68,nature,smooth motion,1,49.59094037
72,6.7333,4,0.45,33.1831,348.8,0.56667,0,1,0,-684,0,-684,0.215827726,1,0.053956932,0.152542373,684,-684,0.169491525,0.677966102,0,110592,44,68,nature,smooth motion,0,26.80487397
73,1.9333,0,0,35.4391,562.4,0,0,1,0,-417,0,-417,0,1,0.083799117,0,417,-417,0.2,0,0,216411,44,68,nature,smooth motion,0,53.28898501
74,1.4333,0,0,38.4758,1304.6,0,2,1,862,-249,657.5,-249,0,3,0.262391436,0,521.3333333,355.3333333,0.2,0,0.6,393192,44,68,nature,smooth motion,0,69.76709241
75,0.76667,0,0,37.0772,896,0,0,0,0,0,0,0,0,0,0,0,0,0,0.999997,0,0,307200,44,68,nature,smooth motion,1,67.50687237
76,0.86667,0,0,38.0156,1109.2,0,1,0,1066,0,1066,0,0,1,0.092024258,0,1066,1066,0.1999994,0,0.1999994,405504,44,68,nature,smooth motion,0,76.6590781
77,0.7,0,0,38.2301,1386.4,0,1,0,613,0,613,0,0,1,0.093457944,0,613,613,0.8,0,0.8,337920,44,68,nature,smooth motion,0,70.49716486
78,0.76667,0,0,38.9589,1477,0,2,0,613,0,533,0,0,2,0.185757939,0,533,533,0.1999994,0,0.7999976,430848,44,68,nature,smooth motion,0,76.77041975
79,0.86667,1,0.2,38.9589,1477,0.2,2,0,613,0,533,0,0.090361174,2,0.180722347,0.019610727,533,533,0.196077855,0,0.784311419,430848,44,68,nature,smooth motion,0,65.84350588
80,0.76667,0,0,39.3576,1682.6,0,3,0,613,0,547,0,0,3,0.278636908,0,547,547,0.1999994,0,0.7999976,534528,44,68,nature,smooth motion,0,80.42555671
81,0.86667,1,0.46667,40.613,2481.2,0.46667,3,0,3418,0,1686.333333,0,0.088235554,3,0.264706661,0.04458264,1686.333333,1686.333333,0.191083472,0,0.764333888,684288,44,68,nature,smooth motion,0,69.22780745
82,0.76667,0,0,39.5005,1658.2,0,2,0,613,0,533,0,0,2,0.185757939,0,533,533,0.5999982,0,0.7999976,648960,44,68,nature,smooth motion,0,83.6920866
83,0.76667,0,0,40.4486,2096,0,4,0,1039,0,670,0,0,4,0.371515878,0,670,670,0.1999994,0,0.7999976,812928,44,68,nature,smooth motion,0,81.4704891
84,0.56667,0,0,40.5088,1978.8,0,2,0,1066,0,820.5,0,0,2,0.189273851,0,820.5,820.5,0.3999988,0,0.7999976,774144,44,68,nature,smooth motion,0,85.83633742
85,0.46667,2,1.8,39.2778,1682.6,1.9667,1,2,1641,-575,1641,-514,0.142179758,3,0.213269637,0.264707504,889.6666667,204.3333333,0.147058499,0,0.588233997,534528,44,68,nature,smooth motion,0,62.63773346
86,0.36667,0,0,42.6548,3040,0,1,0,2680,0,2680,0,0,1,0.096462712,0,2680,2680,0.7999976,0,0.7999976,1597440,44,68,nature,smooth motion,0,81.44728929
87,0.36667,3,0.66667,42.6548,3040,0.96667,1,0,2680,0,2680,0,0.242586947,1,0.080862316,0.16666875,2680,2680,0.666665,0,0.666665,1597440,44,68,nature,smooth motion,0,63.52788425
88,0.33333,3,1.5778,42.936,3309.4,2.4,2,1,2680,-1347,2013.5,-1347,0.199114604,3,0.199114604,0.321268657,1791.333333,893.3333333,0.135746269,0,0.542985074,1597440,44,68,nature,smooth motion,0,50.47137416
89,0.33333,0,0,43.8429,4261,0,3,0,2680,0,1686.333333,0,0,3,0.290323517,0,1686.333333,1686.333333,0.4000012,0,0.8000024,1597440,44,68,nature,smooth motion,0,77.85592504
90,0.33333,2,3.7167,43.8562,4261,3.9,2,1,2680,-1032,2529.5,-1032,0.112570145,3,0.168855218,0.42638744,2030.333333,1342.333333,0.229445024,0,0.458890048,1597440,44,68,nature,smooth motion,0,56.85927161
91,1.3667,0,0,38.9916,1599.6,0,0,1,0,-453,0,-453,0,1,0.087976282,0,453,-453,0.2,0,1,439296,44,68,nature,smooth motion,0,71.85809002
92,1.4,3,0.51111,40.9656,1962,0.53333,0,0,0,0,0,0,0.231959361,0,0,0.132945471,0,0,0.867054529,0,0.867054529,921600,44,68,nature,smooth motion,1,57.06368715
93,1.1333,0,0,40.9656,1962,0,0,0,0,0,0,0,0,0,0,0,0,0,1,0,1,921600,44,68,nature,smooth motion,1,89.8898532
94,1.1333,0,0,41.4858,2307,0,1,0,575,0,575,0,0,1,0.089820628,0,575,575,0.6,0,1,921600,44,68,nature,smooth motion,0,81.38642279
95,1.1333,0,0,42.1291,2514.8,0,2,0,1039,0,807,0,0,2,0.179641256,0,807,807,0.2,0,1,1115136,44,68,nature,smooth motion,0,81.84007313
96,1.1333,1,0.13333,41.5815,2422,0.13333,1,0,575,0,575,0,0.088757134,1,0.088757134,0.013164387,575,575,0.78946849,0,0.986835613,921600,44,68,nature,smooth motion,0,77.04969897
97,2.3,2,0.7,38.8104,1592,1.2,1,2,613,-1028,613,-820.5,0.145985401,3,0.218978102,0.122807018,751.3333333,-342.6666667,0.175438596,0,0.701754386,430848,44,68,nature,smooth motion,0,63.27271912
98,1.9667,2,0.83333,39.3043,1560,0.83333,0,3,0,-613,0,-547,0.146699625,3,0.220049438,0.142852245,547,-547,0.171429551,0,0.514288653,525312,44,68,nature,smooth motion,0,63.76299935
99,1.8667,2,1.0333,40.3484,1888.2,1.1333,1,3,1641,-613,1641,-547,0.143541013,4,0.287082027,0.17126614,820.5,0,0.331493544,0,0.662987088,648960,44,68,nature,smooth motion,0,68.28380336
100,1.8333,2,1.3,39.9733,1920.2,1.4333,0,1,0,-1028,0,-1028,0.138568449,1,0.069284225,0.206349206,1028,-1028,0.317460317,0,0.793650794,543744,44,68,nature,smooth motion,0,70.72995143
101,1.5333,4,0.31667,43.4057,3429.8,0.63333,0,2,0,-1347,0,-1193,0.3125,2,0.15625,0.112428661,1193,-1193,0.177514268,0,0.887571339,1557504,44,68,nature,smooth motion,0,72.44015165
102,1.5,4,0.65833,43.6944,3637.6,1.8,0,2,0,-1347,0,-1193,0.283019535,2,0.141509768,0.208441183,1193,-1193,0.158311763,0,0.791558817,1806336,44,68,nature,smooth motion,0,58.70590385
103,1.5,0,0,44.3377,3845.4,0,0,1,0,-1347,0,-1347,0,1,0.086956522,0,1347,-1347,0.2,0,1,2073600,44,68,nature,smooth motion,0,82.42662517
104,1.4667,2,0.46667,45.181,4653.6,0.6,1,1,1347,-1347,1347,-1347,0.161290323,2,0.161290323,0.085363065,1347,0,0.731709548,0,0.914636935,2073600,44,68,nature,smooth motion,0,67.38294914
105,1.5,3,1.1667,43.6586,3738.6,2.2667,0,1,0,-2961,0,-2961,0.2,1,0.066666667,0.259259259,2961,-2961,0.444444444,0,0.740740741,1557504,44,68,nature,smooth motion,0,55.21746727
106,1.5,3,0.56667,45.4575,4923,0.73333,0,0,0,0,0,0,0.227272727,0,0,0.145299145,0,0,0.854700855,0,0.854700855,2073600,44,68,nature,smooth motion,1,66.43953882
107,1.5,3,1.3333,43.0289,3700,1.7333,0,4,0,-1347,0,-1111.5,0.193548387,4,0.258064516,0.285714286,1111.5,-1111.5,0.142857143,0,0.714285714,1378176,44,68,nature,smooth motion,0,63.14611321
108,1.5,4,1.1833,43.7577,3790.6,2.2,0,4,0,-1347,0,-998.25,0.246407077,4,0.246407077,0.321265433,998.25,-998.25,0.135746913,0,0.678734567,1557504,44,68,nature,smooth motion,0,60.38282459
109,1.5,4,1.7667,44.152,4113.4,3.9333,0,3,0,-1347,0,-1139.333333,0.21543947,3,0.161579602,0.414063644,1139.333333,-1139.333333,0.117187271,0,0.585936356,1806336,44,68,nature,smooth motion,0,52.52011314
110,1.2667,2,4.1667,45.3818,4860,6.2667,0,2,0,-1347,0,-1189.5,0.102040816,2,0.102040816,0.454544463,1189.5,-1189.5,0.109091107,0,0.545455537,2073600,44,68,nature,smooth motion,0,59.61922707
111,1.3,0,0,45.6387,5129.4,0,0,1,0,-1032,0,-1032,0,1,0.088495575,0,1032,-1032,0.2,0,1,2073600,44,68,nature,smooth motion,0,86.79169478
112,1.5,3,1.3444,42.6866,3700.8,2,0,2,0,-2379,0,-2223,0.193133462,2,0.128755641,0.287409234,2223,-2223,0.285036306,0,0.712590766,1209600,44,68,nature,smooth motion,0,59.28503215
113,1.2667,2,2.15,43.2206,4144.6,2.9333,0,2,0,-3993,0,-2529.5,0.128479382,2,0.128479382,0.300699301,2529.5,-2529.5,0.41958042,0,0.559440559,1363968,44,68,nature,smooth motion,0,61.5196611
114,1.2667,2,3.6,43.9181,4590,4.5333,0,2,0,-2379,0,-2223,0.108303054,2,0.108303054,0.418604651,2223,-2223,0.348837209,0,0.581395349,1612800,44,68,nature,smooth motion,0,62.65899539
115,1.2667,3,2.8333,44.7525,4795.6,4.5667,0,2,0,-2379,0,-1709,0.151770402,2,0.101180268,0.459459459,1709,-1709,0.324324324,0,0.540540541,1806336,44,68,nature,smooth motion,0,57.03208741
116,1.3,3,0.12222,46.3026,5955,0.2,0,0,0,0,0,0,0.257142122,0,0,0.035372877,0,0,0.964627123,0,0.964627123,2073600,44,68,nature,smooth motion,1,77.07829861
117,2.04,4,0.54,28.5837,223,0.68,0,0,0,0,0,0,0.281690141,0,0,0.177631579,0,0,0.822368421,0.822368421,0,76800,64,37,animals,camera motion,1,26.72750096
118,0.24,0,0,31.552,916.2,0,2,1,1195,-1195,976,-1195,0,3,0.29296875,0,1049,252.3333333,0.2,0.4,0.2,276480,64,37,animals,camera motion,0,53.75682358
119,0.24,0,0,30.9438,891.2,0,2,1,1827,-2584,1292,-2584,0,3,0.29296875,0,1722.666667,0,0.2,0.6,0.2,221184,64,37,animals,camera motion,0,45.52784779
120,1.2,0,0,30.2169,422.2,0,1,0,168,0,168,0,0,1,0.089285714,0,168,168,0.4,0,0,141810,64,37,animals,camera motion,0,52.22374329
121,2.36,0,0,31.184,614.4,0,0,1,0,-457,0,-457,0,1,0.080906149,0,457,-457,0.2,0,0,216411,64,37,animals,camera motion,0,60.14953481
122,1.56,1,0.04,33.3214,1329,0.04,1,1,955,-280,955,-280,0.086206897,2,0.172413793,0.003984064,617.5,337.5,0.597609562,0,0.597609562,304520,64,37,animals,camera motion,0,67.56996262
123,1.08,0,0,32.9502,1115,0,1,0,675,0,675,0,0,1,0.090252708,0,675,675,0.2,0,0.2,314880,64,37,animals,camera motion,0,72.65760922
124,1.08,1,0.44,34.412,1854.4,0.44,3,0,675,0,609,0,0.086805556,3,0.260416667,0.042145594,609,609,0.191570881,0,0.766283525,534528,64,37,animals,camera motion,0,68.71504089
125,0.68,0,0,34.7951,2062.4,0,2,0,1195,0,913.5,0,0,2,0.187265918,0,913.5,913.5,0.2,0,0.8,774144,64,37,animals,camera motion,0,70.58267265
126,2.2,2,0.92,34.3913,1832,1.4,1,1,675,-1195,675,-1195,0.142450142,2,0.142450142,0.155405405,935,-260,0.506756757,0,0.675675676,648960,64,37,animals,camera motion,0,62.91583015
127,0.68,0,0,34.441,448,0,2,1,446,-714,357,-714,0,3,0.280898876,0,476,0,0.2,0.6,0,133352,45,52,natue,smooth motion,0,39.18203869
128,1.24,0,0,36.58,848.2,0,3,0,621,0,405,0,0,3,0.266903915,0,405,405,0.2,0,0.2,244338,45,52,natue,smooth motion,0,64.72034443
129,2.12,0,0,35.398,527.6,0,0,1,0,-168,0,-168,0,1,0.082508251,0,168,-168,0.2,0,0,196608,45,52,natue,smooth motion,0,61.0142327
130,10.12,3,0.49333,33.457,358.8,1.04,0,1,0,-714,0,-714,0.138888889,1,0.046296296,0.128919861,714,-714,0.174216028,0.696864111,0,110592,45,52,natue,smooth motion,0,26.73297134
131,1.16,0,0,37.2329,930,0,0,0,0,0,0,0,0,0,0,0,0,0,1,0,0,307200,45,52,natue,smooth motion,1,65.65831692
132,1.04,0,0,38.2676,1426.8,0,1,0,621,0,621,0,0,1,0.09057971,0,621,621,0.8,0,0.8,337920,45,52,natue,smooth motion,0,74.80991035
133,1.16,0,0,39.3489,1724.6,0,3,0,621,0,551.6666667,0,0,3,0.268817204,0,551.6666667,551.6666667,0.2,0,0.8,534528,45,52,natue,smooth motion,0,82.02965326
134,1.28,0,0,39.3489,1724.6,0,3,0,621,0,551.6666667,0,0,3,0.265957447,0,551.6666667,551.6666667,0.2,0,0.8,534528,45,52,natue,smooth motion,0,84.8839799
135,0.52,1,1.12,41.7871,3210.8,1.12,1,0,2851,0,2851,0,0.085910653,1,0.085910653,0.100719424,2851,2851,0.71942446,0,0.71942446,1597440,45,52,natue,smooth motion,0,71.98755035
136,1.96,3,1.44,42.545,4558,2.04,0,2,0,-3633,0,-2333.5,0.184275184,2,0.122850123,0.301675978,2333.5,-2333.5,0.418994413,0,0.698324022,1378176,45,52,natue,smooth motion,0,64.61139426
137,0.26667,0,0,26.4105,860,0,2,0,803,0,747,0,0,2,0.194804562,0,747,747,0.1999994,0.3999988,0.1999994,202752,70,52,game,average motion,0,34.70136212
138,0.91667,0,0,26.0786,845.2,0,2,1,1283,-1949,1043,-1949,0,3,0.274808321,0,1345,45.66666667,0.1999994,0.3999988,0.1999994,231084,70,52,game,average motion,0,30.53165742
139,1.2333,0,0,26.5466,754,0,3,0,295,0,222,0,0,3,0.267063107,0,222,222,0.4,0,0,216411,70,52,game,average motion,0,46.05160229
140,1.4833,0,0,27.5276,1201.4,0,2,1,986,-691,838.5,-691,0,3,0.261248944,0,789.3333333,328.6666667,0.4,0,0.4,273420,70,52,game,average motion,0,50.82044985
141,0.5,2,1.6417,28.1613,1644.4,1.85,1,2,2215,-1229,2215,-960,0.145103132,3,0.217654698,0.247175024,1378.333333,98.33333333,0.150564995,0,0.451694985,393192,70,52,game,average motion,0,47.29739666
142,1.2667,0,0,27.5538,1181.2,0,1,0,691,0,691,0,0,1,0.088757134,0,691,691,0.2,0,0.2,314880,70,52,game,average motion,0,46.69994668
143,1.1333,0,0,28.9792,2205.8,0,3,0,691,0,640,0,0,3,0.269461885,0,640,640,0.4,0,0.8,648960,70,52,game,average motion,0,59.15518888
144,3.1333,1,1.4,28.8646,2089.2,1.4,2,2,592,-592,592,-592,0.068807497,4,0.275229989,0.122807018,592,0,0.526315789,0,0.877192982,658944,70,52,game,average motion,0,54.56219842
145,2.3833,4,1.725,30.2784,4140.6,2.7833,0,3,0,-2640,0,-1524,0.207433375,3,0.155575031,0.408284024,1524,-1524,0.118343195,0,0.591715976,1557504,70,52,game,average motion,0,55.52100638
146,1.9667,2,0.35,32.2879,6663.6,0.48333,1,1,1172,-1172,1172,-1172,0.157894321,2,0.157894321,0.065420561,1172,0,0.747663551,0,0.934579439,2073600,70,52,game,average motion,0,73.30576164
147,2.2,4,0.63333,30.6762,233,1.0667,0,0,0,0,0,0,0.271493827,0,0,0.202125538,0,0,0.797874462,0.797874462,0,76800,80,46,sports,average motion,1,12.13676399
148,0.63333,0,0,32.1925,452.2,0,2,1,476,-786,393,-786,0,3,0.282132546,0,524,0,0.2000006,0.6000018,0,133352,80,46,sports,average motion,0,28.73869522
149,0.9,0,0,33.0729,867,0,2,1,2174,-2672,1336,-2672,0,3,0.275229358,0,1781.333333,0,0.2,0.6,0.2,200200,80,46,sports,average motion,0,28.85566238
150,0.26667,0,0,33.7804,842.8,0,2,1,786,-691,738.5,-691,0,3,0.292206843,0,722.6666667,262,0.1999994,0.3999988,0.1999994,202752,80,46,sports,average motion,0,45.49456406
151,0.26667,0,0,34.2744,1090,0,2,1,1236,-545,1011,-545,0,3,0.292206843,0,855.6666667,492.3333333,0.1999994,0.3999988,0.3999988,283392,80,46,sports,average motion,0,35.48428043
152,0.26667,0,0,34.5567,1199,0,2,0,1236,0,1011,0,0,2,0.194804562,0,1011,1011,0.3999988,0.3999988,0.3999988,368640,80,46,sports,average motion,0,58.3282047
153,0.26667,0,0,33.3456,924.6,0,2,1,1886,-2672,1336,-2672,0,3,0.292206843,0,1781.333333,0,0.1999994,0.5999982,0.1999994,221184,80,46,sports,average motion,0,29.37416053
154,0.23333,0,0,34.7328,1329,0,2,1,1886,-650,1336,-650,0,3,0.293160564,0,1107.333333,674,0.2000006,0.4000012,0.4000012,368640,80,46,sports,average motion,0,45.15602755
155,0.26667,0,0,34.8816,1459,0,2,0,1886,0,1336,0,0,2,0.194804562,0,1336,1336,0.3999988,0.3999988,0.3999988,368640,80,46,sports,average motion,0,53.17946996
156,0.26667,0,0,35.1331,1737.2,0,3,0,1886,0,1354.333333,0,0,3,0.292206843,0,1354.333333,1354.333333,0.1999994,0.3999988,0.3999988,494592,80,46,sports,average motion,0,49.13861237
157,1.2,0,0,32.5155,439.2,0,1,0,173,0,173,0,0,1,0.089285714,0,173,173,0.4,0,0,141810,80,46,sports,average motion,0,40.75983627
158,1.2,0,0,34.0293,736.4,0,3,0,288,0,216.3333333,0,0,3,0.267857143,0,216.3333333,216.3333333,0.4,0,0,216411,80,46,sports,average motion,0,41.5601646
159,1.2,0,0,34.2687,874.6,0,4,0,691,0,335,0,0,4,0.357142857,0,335,335,0.2,0,0.2,222859,80,46,sports,average motion,0,42.63853157
160,1.2,2,3.6,35.8699,1556.6,6.7667,3,1,2362,-1195,1026.666667,-1195,0.108695652,4,0.217391304,0.418604651,1068.75,471.25,0.11627907,0,0.348837209,432530,80,46,sports,average motion,0,40.87920272
161,1.4,0,0,33.2911,543,0,0,0,0,0,0,0,0,0,0,0,0,0,1,0,0,196608,80,46,sports,average motion,1,36.85094632
162,6.6,4,0.59167,31.4225,332.6,0.83333,0,1,0,-498,0,-498,0.210895939,1,0.052723985,0.191376843,498,-498,0.161724631,0.646898526,0,95944,80,46,sports,average motion,0,20.06484801
163,1.9,0,0,33.5469,580.6,0,0,1,0,-188,0,-188,0,1,0.084033613,0,188,-188,0.2,0,0,196608,80,46,sports,average motion,0,43.44906032
164,1.4,1,0.83333,35.7468,1318.4,0.83333,1,0,979,0,979,0,0.081744092,1,0.081744092,0.076920237,979,979,0.553847858,0,0.553847858,280476,80,46,sports,average motion,0,45.50988827
165,0.86667,0,0,35.4251,1099.6,0,2,0,691,0,489.5,0,0,2,0.184048515,0,489.5,489.5,0.1999994,0,0.1999994,289800,80,46,sports,average motion,0,48.54585294
166,0.7,1,0.23333,36.2655,1514.2,0.23333,1,0,979,0,979,0,0.091463693,1,0.091463693,0.022801051,979,979,0.781761504,0,0.781761504,311880,80,46,sports,average motion,0,56.46096322
167,0.73333,0,0,36.5478,1623.2,0,2,0,979,0,762,0,0,2,0.186335982,0,762,762,0.2000006,0,0.8000024,401320,80,46,sports,average motion,0,64.13790611
168,0.56667,0,0,37.473,2080.2,0,2,0,1524,0,1087,0,0,2,0.189273851,0,1087,1087,0.1999994,0,0.7999976,734152,80,46,sports,average motion,0,69.7643054
169,0.46667,2,0.95,36.3802,1615,1.7333,1,2,2174,-1195,2174,-943,0.161724631,3,0.242586947,0.159665984,1353.333333,96,0.168066803,0,0.50420041,393192,80,46,sports,average motion,0,61.9202264
170,0.36667,0,0,38.6461,3304.8,0,2,0,2174,0,1782.5,0,0,2,0.192925425,0,1782.5,1782.5,0.5999982,0,0.7999976,1310680,80,46,sports,average motion,0,76.36819032
171,0.36667,1,0.1,38.1451,2748.4,0.1,1,1,3565,-1391,3565,-1391,0.095541097,2,0.191082194,0.009900961,2478,1087,0.198019214,0,0.792076855,907896,80,46,sports,average motion,0,71.72676622
172,0.33333,2,1.6667,38.5756,3304.8,2.5,1,1,3565,-1391,3565,-1391,0.146341106,2,0.146341106,0.250002062,2478,1087,0.449998763,0,0.59999835,1310680,80,46,sports,average motion,0,57.91183223
173,0.33333,0,0,39.322,4196.6,0,2,0,3565,0,2549.5,0,0,2,0.193549011,0,2549.5,2549.5,0.4000012,0,0.8000024,1539720,80,46,sports,average motion,0,75.67811613
174,0.33333,1,5.7333,39.5554,4503.4,5.7333,2,0,3565,0,2549.5,0,0.062240535,2,0.12448107,0.364408261,2549.5,2549.5,0.381355043,0,0.508473391,1539720,80,46,sports,average motion,0,60.02028731
175,1.0333,0,0,35.4109,1019,0,0,0,0,0,0,0,0,0,0,0,0,0,1,0,0,307200,80,46,sports,average motion,1,57.34929363
176,1.2,0,0,35.6503,1157.2,0,1,0,691,0,691,0,0,1,0.089285714,0,691,691,0.2,0,0.2,314880,80,46,sports,average motion,0,62.89368609
177,1.2,0,0,36.333,1674.4,0,1,0,3277,0,3277,0,0,1,0.089285714,0,3277,3277,0.2,0,0.2,537600,80,46,sports,average motion,0,56.34817188
178,1.0333,0,0,36.773,1680.8,0,2,0,691,0,618,0,0,2,0.18126943,0,618,618,0.2,0,0.8,430848,80,46,sports,average motion,0,66.79553662
179,1.0333,0,0,37.0276,1789.8,0,2,0,691,0,618,0,0,2,0.18126943,0,618,618,0.4,0,0.8,534528,80,46,sports,average motion,0,58.91737819
180,1.2,1,0.26667,37.1764,1919.8,0.26667,3,0,691,0,628.6666667,0,0.087209049,3,0.261627146,0.025977188,628.6666667,628.6666667,0.194804562,0,0.779218249,534528,80,46,sports,average motion,0,66.9252927
181,1.0333,0,0,37.5009,2028.8,0,3,0,691,0,628.6666667,0,0,3,0.271904145,0,628.6666667,628.6666667,0.2,0,0.8,648960,80,46,sports,average motion,0,72.57171151
182,1.5333,0,0,35.8297,1157.2,0,0,1,0,-691,0,-691,0,1,0.086705453,0,691,-691,0.2,0,0.2,314880,80,46,sports,average motion,0,63.60388895
183,1.5333,0,0,36.9095,1710,0,0,0,0,0,0,0,0,0,0,0,0,0,1,0,1,345600,80,46,sports,average motion,1,63.13288306
184,1.2667,0,0,36.9095,1710,0,0,0,0,0,0,0,0,0,0,0,0,0,1,0,1,345600,80,46,sports,average motion,1,72.69401477
185,1.2667,0,0,37.9682,2146,0,1,0,545,0,545,0,0,1,0.088757134,0,545,545,0.8,0,1,784896,80,46,sports,average motion,0,67.34002785
186,1.3,0,0,38.117,2276,0,2,0,650,0,597.5,0,0,2,0.17699115,0,597.5,597.5,0.2,0,1,784896,80,46,sports,average motion,0,74.84751776
187,1.2667,0,0,38.4513,2536,0,2,0,650,0,597.5,0,0,2,0.177514268,0,597.5,597.5,0.6,0,1,784896,80,46,sports,average motion,0,79.66544688
188,2.0333,1,0.46667,36.2006,1404.4,0.46667,0,2,0,-691,0,-618,0.08,2,0.16,0.04458903,618,-618,0.191082194,0,0.382164388,413952,80,46,sports,average motion,0,68.23762439
189,1.9,2,0.38333,36.4942,1542.6,0.73333,1,3,691,-691,691,-642.3333333,0.157894321,4,0.315788643,0.071210306,654.5,-309,0.185757939,0,0.557273816,422400,80,46,sports,average motion,0,53.67137109
190,1.9333,2,0.43333,36.9881,1789.8,0.56667,1,3,1236,-691,1236,-593.6666667,0.15625,4,0.3125,0.079757424,754.25,-136.25,0.36809703,0,0.736194061,534528,80,46,sports,average motion,0,61.14396669
191,1.5333,2,1.3,37.2318,1898.8,1.3333,1,1,691,-1236,691,-1236,0.141509768,2,0.141509768,0.206349206,963.5,-272.5,0.476190476,0,0.634920635,648960,80,46,sports,average motion,0,48.62910767
192,1.7333,0,0,39.1959,3183.2,0,0,1,0,-1391,0,-1391,0,1,0.085227515,0,1391,-1391,0.2,0,1,1115136,80,46,sports,average motion,0,79.82225073
193,1.7667,1,0.066667,39.1959,3183.2,0.066667,0,1,0,-1391,0,-1391,0.08450728,1,0.08450728,0.006615938,1391,-1391,0.198676812,0,0.993384062,1115136,80,46,sports,average motion,0,78.5691958
194,1.7333,4,0.46667,39.4398,3609.6,0.7,0,2,0,-1391,0,-1020.5,0.294117647,2,0.147058824,0.157305738,1020.5,-1020.5,0.505616557,0,0.842694262,1557504,80,46,sports,average motion,0,64.83605547
195,1.7333,4,0.675,39.5886,3739.6,1.1,0,1,0,-1391,0,-1391,0.277136899,1,0.069284225,0.212598425,1391,-1391,0.472440945,0,0.787401575,1557504,80,46,sports,average motion,0,65.56542276
196,1.7667,3,1.0556,39.3763,3778.8,2.3333,0,1,0,-2586,0,-2586,0.200893306,1,0.066964435,0.240502484,2586,-2586,0.607598013,0,0.759497516,1612800,80,46,sports,average motion,0,69.29302641
197,1.7,0,0,40.0589,4296,0,0,0,0,0,0,0,0,0,0,0,0,0,1,0,1,2073600,80,46,sports,average motion,1,83.00909067
198,2.5333,4,1.6583,39.9306,4159.6,2.6,0,3,0,-2750,0,-1597,0.208695289,3,0.156521467,0.398800005,1597,-1597,0.120239999,0,0.601199995,1557504,80,46,sports,average motion,0,61.27065419
199,2.5333,4,1.6417,39.6834,4227.4,2.8667,0,4,0,-2041,0,-1334,0.209424084,4,0.209424084,0.396379484,1334,-1334,0.120724103,0,0.603620516,1378176,80,46,sports,average motion,0,62.19162885
200,2.5333,4,2.175,40.1418,4466.4,2.8333,0,4,0,-1534,0,-1197.75,0.188383341,4,0.188383341,0.465240642,1197.75,-1197.75,0.106951872,0,0.534759358,1557504,80,46,sports,average motion,0,60.15258668
201,2,3,3.3556,40.7429,5181.4,4.9333,0,3,0,-1534,0,-1380.333333,0.135951456,3,0.135951456,0.501661957,1380.333333,-1380.333333,0.099667609,0,0.498338043,1806336,80,46,sports,average motion,0,51.36678353
202,2.0667,0,0,41.4893,6073.2,0,0,1,0,-1216,0,-1216,0,1,0.082872699,0,1216,-1216,0.2,0,1,2073600,80,46,sports,average motion,0,77.10655504
203,2,3,2,40.0718,4777.4,3.7333,1,3,1216,-4791,1216,-2184,0.166666667,4,0.222222222,0.375,1942,-1334,0.25,0,0.625,1378176,80,46,sports,average motion,0,65.5676748
204,2,3,2.6,40.5302,5016.4,3.5,1,3,1216,-4141,1216,-2002.333333,0.151515152,4,0.202020202,0.438202247,1805.75,-1197.75,0.224719101,0,0.561797753,1557504,80,46,sports,average motion,0,57.01403039
205,2.0667,1,0.033333,41.9494,6802.8,0.033333,1,1,1216,-1216,1216,-1216,0.082644628,2,0.165289256,0.003318948,1216,0,0.797344842,0,0.996681052,2073600,80,46,sports,average motion,0,85.4383463
206,2.5333,4,1.3167,39.3454,4083.4,2.1667,0,2,0,-4141,0,-2668,0.224719101,2,0.112359551,0.344979596,2668,-2668,0.262008162,0,0.655020404,1007616,80,46,sports,average motion,0,56.6360854
207,2,3,2.1889,39.9455,4911.6,5.3,0,1,0,-5336,0,-5336,0.161579602,1,0.053859867,0.396379484,5336,-5336,0.36217231,0,0.603620516,1209600,80,46,sports,average motion,0,61.07961446
208,2.0667,4,0.20833,42.0776,7046,0.4,0,0,0,0,0,0,0.310077519,0,0,0.076920237,0,0,0.923079763,0,0.923079763,2073600,80,46,sports,average motion,1,74.19020792
209,2.25,4,0.46875,26.2589,224,0.54167,0,0,0,0,0,0,0.283185841,0,0,0.157894737,0,0,0.842105263,0.842105263,0,76800,100,88,nature,smooth motion,1,19.83986249
210,1.2083,0,0,29.4057,751.4,0,2,0,445,0,304,0,0,2,0.178439192,0,304,304,0.6,0,0,237586,100,88,nature,smooth motion,0,54.68792478
211,1.2083,2,4.1667,31.3362,1579.8,7.9167,3,1,2197,-1114,1158,-1114,0.102345241,4,0.204690482,0.454547438,1147,590,0.218181025,0,0.327271537,432530,100,88,nature,smooth motion,0,51.99680609
212,1.25,1,0.125,32.3872,2297.2,0.125,3,1,4762,-638,2012.666667,-638,0.087912088,4,0.351648352,0.012345679,1669,1350,0.197530864,0,0.592592593,556800,100,88,nature,smooth motion,0,66.78662893
213,0.5,0,0,34.5622,3312.4,0,1,0,2938,0,2938,0,0,1,0.095238095,0,2938,2938,0.8,0,0.8,1597440,100,88,nature,smooth motion,0,76.71300319
214,1.3333,0,0,32.7684,2034.4,0,2,0,585,0,557,0,0,2,0.176471107,0,557,557,0.2,0,1,658944,100,88,nature,smooth motion,0,82.04536236
215,1.3333,0,0,33.8086,2611.4,0,3,0,1186,0,766.6666667,0,0,3,0.264706661,0,766.6666667,766.6666667,0.2,0,1,964224,100,88,nature,smooth motion,0,73.02007509
216,2.25,4,1.4271,35.472,4073.4,1.9583,0,4,0,-1362,0,-1058.25,0.222738232,4,0.222738232,0.363393875,1058.25,-1058.25,0.127321225,0,0.636606125,1557504,100,88,nature,smooth motion,0,65.63682184
217,1.75,2,2.0208,35.4006,4435.4,2.7083,0,2,0,-4233,0,-2700,0.126648809,2,0.126648809,0.287835518,2700,-2700,0.427298689,0,0.569731585,1363968,100,88,nature,smooth motion,0,71.3416726
218,1.75,3,3.2361,36.6563,5140,4,0,2,0,-2462,0,-1824,0.139806042,2,0.093204028,0.492599565,1824,-1824,0.304440261,0,0.507400435,1806336,100,88,nature,smooth motion,0,65.67273738
219,1.44,2,2.98,27.2388,1560.2,5.72,2,1,2627,-1245,1591,-1245,0.114942529,3,0.172413793,0.373433584,1475.666667,645.6666667,0.125313283,0,0.37593985,403691,112,144,human,average motion,0,36.32406154
220,1.24,0,0,26.4827,889,0,4,0,719,0,345.5,0,0,4,0.355871886,0,345.5,345.5,0.2,0,0.2,222859,112,144,human,average motion,0,34.91293133
221,6.92,4,0.6,24.6131,333.8,0.76,0,1,0,-504,0,-504,0.207039337,1,0.051759834,0.193548387,504,-504,0.161290323,0.64516129,0,95944,112,144,human,average motion,0,11.68496198
222,1.44,1,0.72,27.612,1346.6,0.72,1,0,1016,0,1016,0,0.082236842,1,0.082236842,0.067164179,1016,1016,0.559701493,0,0.559701493,280476,112,144,human,average motion,0,39.84898893
223,1.08,0,0,27.3772,1034,0,0,0,0,0,0,0,0,0,0,0,0,0,1,0,0,307200,112,144,human,average motion,1,40.03860291
224,1.6,0,0,28.3845,1753,0,0,0,0,0,0,0,0,0,0,0,0,0,1,0,1,345600,112,144,human,average motion,1,59.07588349
225,2.88,1,1.28,28.7097,2086,1.28,2,2,555,-555,555,-555,0.070621469,4,0.282485876,0.113475177,555,0,0.531914894,0,0.886524823,658944,112,144,human,average motion,0,44.32508121
226,2.32,4,2.24,31.0899,4466.8,3.36,0,4,0,-1598,0,-1178.5,0.187969925,4,0.187969925,0.47257384,1178.5,-1178.5,0.105485232,0,0.52742616,1557504,112,144,human,average motion,0,40.38052846
227,1.84,3,3.1733,31.6885,5165.6,4.16,0,3,0,-1598,0,-1341.333333,0.140449438,3,0.140449438,0.487704918,1341.333333,-1341.333333,0.102459016,0,0.512295082,1806336,112,144,human,average motion,0,40.13611449
228,1.92,3,0.14667,33.1849,6778,0.32,1,1,1220,-1220,1220,-1220,0.242718447,2,0.161812298,0.042145594,1220,0,0.766283525,0,0.957854406,2073600,112,144,human,average motion,0,68.44276787
229,0.25,0,0,37.5025,875.8,0,2,0,921,0,697.5,0,0,2,0.195121951,0,697.5,697.5,0.4,0.4,0.4,188552,35,45,animals,smooth motion,0,63.00304725
230,0.29167,0,0,38.2808,1141.2,0,3,0,1057,0,817.3333333,0,0,3,0.291497032,0,817.3333333,817.3333333,0.1999994,0.3999988,0.3999988,283392,35,45,animals,smooth motion,0,61.37462145
231,7.7917,4,0.5625,34.7497,371.8,0.83333,0,1,0,-744,0,-744,0.199583868,1,0.049895967,0.183673469,744,-744,0.163265306,0.653061224,0,110592,35,45,animals,smooth motion,0,39.35032938
232,1.5,0,0,40.49,1269,0,2,2,1129,-651,1025,-460.5,0,4,0.347826087,0,742.75,282.25,0.2,0,0.4,385064,35,45,animals,smooth motion,0,79.15233373
233,1,0,0,40.6423,1308.6,0,1,0,1708,0,1708,0,0,1,0.090909091,0,1708,1708,0.2,0,0.2,405504,35,45,animals,smooth motion,0,81.81004274
234,0.875,0,0,43.3974,2236.6,0,4,0,1152,0,715,0,0,4,0.367816092,0,715,715,0.2,0,0.8,812928,35,45,animals,smooth motion,0,78.03752658
235,0.41667,3,0.44444,45.9636,3024.6,0.58333,1,1,2860,-1152,2860,-1152,0.255319149,2,0.170212766,0.117646799,2006,854,0.52941192,0,0.705882561,1363968,35,45,animals,smooth motion,0,69.58275492
236,0.41667,1,0.041667,47.0223,3255,0.041667,1,0,2860,0,2860,0,0.095617835,1,0.095617835,0.004148729,2860,2860,0.796683407,0,0.796683407,1597440,35,45,animals,smooth motion,0,76.52136652
237,1.2917,4,0.63542,47.3433,3596.6,1.125,0,1,0,-1152,0,-1152,0.289157323,1,0.072289331,0.202653569,1152,-1152,0.637877145,0,0.797346431,1806336,35,45,animals,smooth motion,0,70.55308181
238,1.375,3,2.9028,49.6976,4993.8,4.75,0,2,0,-1216,0,-1093,0.149377841,2,0.099585228,0.465477889,1093,-1093,0.106904422,0,0.534522111,2073600,35,45,animals,smooth motion,0,63.99601216
239,0.26667,0,0,30.5375,792.8,0,2,1,739,-637,688,-637,0,3,0.292206843,0,671,246.3333333,0.1999994,0.3999988,0.1999994,202752,60,84,food,smooth motion,0,66.45639415
240,0.26667,0,0,31.2916,1017.8,0,2,1,1125,-488,932,-488,0,3,0.292206843,0,784,458.6666667,0.1999994,0.3999988,0.3999988,283392,60,84,food,smooth motion,0,68.6342893
241,1.2333,2,2.5,32.8928,1561.2,4.6667,3,1,2156,-1074,1132.666667,-1074,0.123203538,4,0.246407077,0.333333333,1118,581,0.266666667,0,0.4,432530,60,84,food,smooth motion,0,59.9984856
242,0.93333,1,0.2,32.3867,1470.6,0.2,1,0,637,0,637,0,0.089820628,1,0.089820628,0.01960496,637,637,0.784316032,0,0.784316032,337920,60,84,food,smooth motion,0,74.35672184
243,1,0,0,33.7694,1783,0,3,0,637,0,570.3333333,0,0,3,0.272727273,0,570.3333333,570.3333333,0.2,0,0.8,534528,60,84,food,smooth motion,0,83.30165767
244,1,0,0,35.7695,2218.8,0,4,0,1105,0,704,0,0,4,0.363636364,0,704,704,0.2,0,0.8,812928,60,84,food,smooth motion,0,82.94365947
245,1.2333,1,0.033333,36.6611,2561,0.033333,3,0,1105,0,726.3333333,0,0.088757134,3,0.266271402,0.003328882,726.3333333,726.3333333,0.199334224,0,0.996671118,964224,60,84,food,smooth motion,0,92.65031882
246,1.9667,2,1.1167,34.4636,1997.8,1.3667,1,3,1711,-637,1711,-570.3333333,0.14084507,4,0.281690141,0.182559081,855.5,0,0.326976368,0,0.653952736,648960,60,84,food,smooth motion,0,70.16814274
247,1.6,0,0,43.8644,5343.6,0,0,1,0,-1008,0,-1008,0,1,0.086206897,0,1008,-1008,0.2,0,1,2073600,60,84,food,smooth motion,0,96.63354027
248,1.5,4,1.3667,40.1303,4544,2.7333,0,2,0,-3478,0,-2276,0.235755922,2,0.117877961,0.353449669,2276,-2276,0.387930198,0,0.646550331,1378176,60,84,food,smooth motion,0,75.20794063
249,2.2667,4,0.69167,26.7595,240,0.9,0,0,0,0,0,0,0.266075978,0,0,0.216706092,0,0,0.783293908,0.783293908,0,76800,52,20,human,smooth motion,1,14.05929723
250,1.2,2,3.75,32.9626,1584.6,6.9333,3,1,2387,-1208,1044.666667,-1208,0.106951872,4,0.213903743,0.428571429,1085.5,481.5,0.114285714,0,0.342857143,432530,52,20,human,smooth motion,0,40.04312343
251,0.46667,2,1.4833,33.501,1642.2,2.1333,1,2,2200,-1208,2200,-951.5,0.148883744,3,0.223325616,0.228789593,1367.666667,99,0.154242081,0,0.462726244,393192,52,20,human,smooth motion,0,47.31393698
252,0.36667,2,0.51667,36.3398,2998.4,0.9,1,1,3431,-1231,3431,-1231,0.175438596,2,0.175438596,0.093655315,2331,1100,0.362537874,0,0.725075748,1100072,52,20,human,smooth motion,0,71.74479949
253,0.33333,2,1.75,36.6264,3244.6,2.4,1,1,3431,-1231,3431,-1231,0.144578662,2,0.144578662,0.259257613,2331,1100,0.444445432,0,0.592593909,1310680,52,20,human,smooth motion,0,61.75818514
254,1.0667,0,0,31.9854,1043,0,0,0,0,0,0,0,0,0,0,0,0,0,1,0,0,307200,52,20,human,smooth motion,1,52.91435067
255,1.0667,0,0,33.9319,1712,0,2,0,695,0,630,0,0,2,0.180722347,0,630,630,0.2,0,0.8,430848,52,20,human,smooth motion,0,57.57738328
256,2.0667,4,1.9583,38.3143,4375.8,2.7,0,4,0,-1457,0,-1129,0.201005025,4,0.201005025,0.439251288,1129,-1129,0.112149742,0,0.560748712,1557504,52,20,human,smooth motion,0,51.16824737
257,1.7,0,0,40.0201,5871,0,0,1,0,-1185,0,-1185,0,1,0.085470085,0,1185,-1185,0.2,0,1,2073600,52,20,human,smooth motion,0,93.82217612
258,1.6333,4,1.825,38.3721,4899.6,5.1333,0,2,0,-4516,0,-2540.5,0.211267978,2,0.105633989,0.421965318,2540.5,-2540.5,0.346820809,0,0.578034682,1378176,52,20,human,smooth motion,0,63.9451353
259,2.1,4,0.65833,30.9841,234,0.93333,0,0,0,0,0,0,0.271493827,0,0,0.208441183,0,0,0.791558817,0.791558817,0,76800,61,82,sports,high motion,1,29.60623212
260,0.6,0,0,31.9025,469.2,0,2,1,328,-192,260,-192,0,3,0.283018868,0,237.3333333,109.3333333,0.2,0.4,0,141810,61,82,sports,high motion,0,50.80954092
261,0.83333,0,0,32.7322,924.2,0,2,1,1592,-1293,1056,-1293,0,3,0.276923929,0,1135,273,0.2000006,0.4000012,0.2000006,252968,61,82,sports,high motion,0,54.41516224
262,0.3,0,0,32.7458,866,0,2,1,819,-703,761,-703,0,3,0.291262136,0,741.6666667,273,0.2,0.4,0.2,202752,61,82,sports,high motion,0,52.28755551
263,0.23333,0,0,32.8501,984,0,2,1,1293,-1293,1056,-1293,0,3,0.293160564,0,1135,273,0.2000006,0.4000012,0.2000006,276480,61,82,sports,high motion,0,46.22062106
264,0.26667,0,0,33.0781,1124.6,0,2,1,1293,-590,1056,-590,0,3,0.292206843,0,900.6666667,507.3333333,0.1999994,0.3999988,0.3999988,283392,61,82,sports,high motion,0,50.14334257
265,0.26667,0,0,33.1763,1242.6,0,2,0,1293,0,1056,0,0,2,0.194804562,0,1056,1056,0.3999988,0.3999988,0.3999988,368640,61,82,sports,high motion,0,44.59226352
266,0.23333,0,0,33.3342,1373.2,0,3,0,1293,0,921.6666667,0,0,3,0.293160564,0,921.6666667,921.6666667,0.2000006,0.4000012,0.4000012,368640,61,82,sports,high motion,0,55.07076812
267,0.23333,0,0,33.6952,1759.4,0,3,0,1946,0,1347.666667,0,0,3,0.293160564,0,1347.666667,1347.666667,0.2000006,0.4000012,0.4000012,494592,61,82,sports,high motion,0,48.64349024
268,1.2667,0,0,32.0167,450.4,0,1,0,186,0,186,0,0,1,0.088757134,0,186,186,0.4,0,0,141810,61,82,sports,high motion,0,55.20332699
269,1.2333,0,0,32.7309,722.4,0,2,0,378,0,338.5,0,0,2,0.178042071,0,338.5,338.5,0.4,0,0,196608,61,82,sports,high motion,0,59.96188581
270,1.2333,2,3.1333,33.8942,1570.6,5.7333,2,1,2623,-1243,1606.5,-1243,0.114285714,3,0.171428571,0.385247161,1485.333333,656.6666667,0.122950568,0,0.368851703,403691,61,82,sports,high motion,0,39.14358045
271,1.2,0,0,33.0845,900.2,0,4,0,703,0,345,0,0,4,0.357142857,0,345,345,0.2,0,0.2,222859,61,82,sports,high motion,0,56.32013301
272,1.4333,0,0,32.4343,562,0,0,0,0,0,0,0,0,0,0,0,0,0,1,0,0,196608,61,82,sports,high motion,1,49.40985604
273,6.8667,4,0.675,31.5471,338,0.8,0,1,0,-520,0,-520,0.204428953,1,0.051107238,0.212598425,520,-520,0.157480315,0.62992126,0,95944,61,82,sports,high motion,0,32.85715719
274,1.9667,0,0,32.605,600.4,0,0,1,0,-192,0,-192,0,1,0.083565227,0,192,-192,0.2,0,0,196608,61,82,sports,high motion,0,58.92806131
275,1.5667,0,0,33.9154,1214.6,0,2,0,703,0,501,0,0,2,0.172910165,0,501,501,0.4,0,0.4,273420,61,82,sports,high motion,0,69.31840321
276,0.9,0,0,33.7938,1133.8,0,2,0,703,0,501,0,0,2,0.183486239,0,501,501,0.2,0,0.2,289800,61,82,sports,high motion,0,62.41434266
277,0.76667,0,0,34.3871,1533,0,3,0,703,0,530.6666667,0,0,3,0.278636908,0,530.6666667,530.6666667,0.1999994,0,0.5999982,393192,61,82,sports,high motion,0,61.6985615
278,0.73333,0,0,34.522,1555.6,0,1,0,1002,0,1002,0,0,1,0.093167991,0,1002,1002,0.8000024,0,0.8000024,311880,61,82,sports,high motion,0,65.380014
279,0.6,0,0,34.7968,1909.6,0,2,0,1002,0,796,0,0,2,0.188679245,0,796,796,0.6,0,0.8,612456,61,82,sports,high motion,0,70.00922051
280,0.46667,2,1.5833,34.5638,1663.6,2.1,1,2,2245,-1243,2245,-973,0.146699625,3,0.220049438,0.240504214,1397,99.66666667,0.151899157,0,0.455697472,393192,61,82,sports,high motion,0,47.72975783
281,0.4,0,0,35.537,2550,0,1,0,2245,0,2245,0,0,1,0.096153846,0,2245,2245,0.8,0,0.8,734152,61,82,sports,high motion,0,70.5194139
282,0.36667,0,0,35.9639,3316.8,0,2,0,2245,0,1761.5,0,0,2,0.192925425,0,1761.5,1761.5,0.5999982,0,0.7999976,1310680,61,82,sports,high motion,0,73.83738343
283,0.33333,2,1.7833,35.9263,3316.8,2.6667,1,1,3523,-1278,3523,-1278,0.143884892,2,0.143884892,0.262899444,2400.5,1122.5,0.442260334,0,0.589680445,1310680,61,82,sports,high motion,0,46.46328222
284,0.33333,0,0,36.6678,4178.4,0,2,0,3523,0,2519,0,0,2,0.193549011,0,2519,2519,0.4000012,0,0.8000024,1539720,61,82,sports,high motion,0,72.14188318
285,0.33333,1,7.3,36.9043,4481.4,7.3,2,0,3523,0,2519,0,0.056710882,2,0.113421765,0.421964316,2519,2519,0.346821411,0,0.462428548,1539720,61,82,sports,high motion,0,58.86722675
286,1.1333,0,0,33.7384,1053,0,0,0,0,0,0,0,0,0,0,0,0,0,1,0,0,307200,61,82,sports,high motion,1,65.7061507
287,1.2667,0,0,33.9663,1193.6,0,1,0,703,0,703,0,0,1,0.088757134,0,703,703,0.2,0,0.2,314880,61,82,sports,high motion,0,57.17223818
288,1.2667,0,0,34.8953,2241.8,0,1,0,5944,0,5944,0,0,1,0.088757134,0,5944,5944,0.2,0,0.2,537600,61,82,sports,high motion,0,75.29922552
289,1.1,0,0,34.7927,1733.4,0,2,0,703,0,646.5,0,0,2,0.18018018,0,646.5,646.5,0.2,0,0.8,430848,61,82,sports,high motion,0,69.46409038
290,1.1,0,0,34.8971,1851.4,0,2,0,703,0,646.5,0,0,2,0.18018018,0,646.5,646.5,0.4,0,0.8,534528,61,82,sports,high motion,0,76.91820503
291,1.2667,1,0.63333,35.055,1982,0.63333,3,0,703,0,648.6666667,0,0.084033613,3,0.25210084,0.05955818,648.6666667,648.6666667,0.188088364,0,0.752353456,534528,61,82,sports,high motion,0,64.32456568
292,1.1,0,0,35.2879,2230.6,0,3,0,703,0,648.6666667,0,0,3,0.27027027,0,648.6666667,648.6666667,0.4,0,0.8,648960,61,82,sports,high motion,0,71.55620007
293,1.6667,0,0,34.0573,1193.6,0,0,1,0,-703,0,-703,0,1,0.085714041,0,703,-703,0.2,0,0.2,314880,61,82,sports,high motion,0,68.02696658
294,1.6667,1,0.066667,35.0135,1756,0.066667,0,0,0,0,0,0,0.085227515,0,0,0.006615938,0,0,0.993384062,0,0.993384062,345600,61,82,sports,high motion,1,69.37461176
295,1.3,0,0,35.0135,1756,0,0,0,0,0,0,0,0,0,0,0,0,0,1,0,1,345600,61,82,sports,high motion,1,73.16184825
296,1.3,0,0,35.4462,2240.6,0,2,0,653,0,621.5,0,0,2,0.17699115,0,621.5,621.5,0.2,0,1,658944,61,82,sports,high motion,0,72.13435061
297,1.3333,0,0,35.5552,2358.6,0,2,0,653,0,621.5,0,0,2,0.176471107,0,621.5,621.5,0.2,0,1,784896,61,82,sports,high motion,0,78.41944441
298,1.3,0,0,35.7158,2489.2,0,2,0,653,0,621.5,0,0,2,0.17699115,0,621.5,621.5,0.4,0,1,784896,61,82,sports,high motion,0,75.81708569
299,2.8333,0,0,34.4095,1452.2,0,1,2,703,-1293,703,-998,0,3,0.233766841,0,899.6666667,-431,0.2,0,0.4,413952,61,82,sports,high motion,0,73.54601406
300,3.0667,0,0,34.7555,1710.8,0,2,2,703,-1293,646.5,-1293,0,4,0.306121668,0,969.75,-323.25,0.4,0,0.6,525312,61,82,sports,high motion,0,65.20396791
301,2.9667,0,0,34.3892,1452.2,0,0,2,0,-703,0,-646.5,0,2,0.154241249,0,646.5,-646.5,0.2,0,0.4,413952,61,82,sports,high motion,0,79.66357339
302,2.9333,1,1.1,35.2827,2110,1.1,2,2,590,-590,590,-590,0.071259077,4,0.285036306,0.099099099,590,0,0.540540541,0,0.900900901,658944,61,82,sports,high motion,0,70.10986961
303,1.6333,0,0,36.417,3254.6,0,0,1,0,-1278,0,-1278,0,1,0.085960132,0,1278,-1278,0.2,0,1,1115136,61,82,sports,high motion,0,82.71141813
304,1.6667,1,0.066667,36.417,3254.6,0.066667,0,1,0,-1278,0,-1278,0.085227515,1,0.085227515,0.006615938,1278,-1278,0.198676812,0,0.993384062,1115136,61,82,sports,high motion,0,80.43821272
305,1.6667,2,0.33333,36.4219,3379.6,0.53333,0,2,0,-1278,0,-965.5,0.1621626,2,0.1621626,0.062494141,965.5,-965.5,0.375002344,0,0.937505859,1327104,61,82,sports,high motion,0,71.32059637
306,1.6667,4,0.75833,36.6793,3765.8,1.4333,0,1,0,-1278,0,-1278,0.272108844,1,0.068027211,0.232734611,1278,-1278,0.460359234,0,0.767265389,1557504,61,82,sports,high motion,0,64.32483144
307,1.6667,4,0.70833,36.5501,3772.8,1.6333,0,1,0,-2521,0,-2521,0.275862069,1,0.068965517,0.220777197,2521,-2521,0.623378243,0,0.779222803,1612800,61,82,sports,high motion,0,66.27527823
308,1.6333,1,0.066667,37.0066,4277,0.066667,0,0,0,0,0,0,0.085470085,0,0,0.006625806,0,0,0.993374194,0,0.993374194,2073600,61,82,sports,high motion,1,79.07608322
309,2.3,4,1.6,37.0011,4179.2,2.1333,0,3,0,-2720,0,-1550.333333,0.213903743,3,0.160427807,0.390243902,1550.333333,-1550.333333,0.12195122,0,0.609756098,1557504,61,82,sports,high motion,0,60.45279998
310,2.2667,3,1.7333,36.733,3975,2.7333,0,4,0,-2521,0,-1486,0.171755397,4,0.229007197,0.342105263,1486,-1486,0.131578947,0,0.526315789,1196160,61,82,sports,high motion,0,62.86004108
311,2.3,4,2.1917,37.3242,4482.2,3,0,4,0,-1515,0,-1162.75,0.189873117,4,0.189873117,0.467141266,1162.75,-1162.75,0.106571747,0,0.532858734,1557504,61,82,sports,high motion,0,58.40079297
312,1.8333,3,3.1444,37.8457,5171.4,4.1667,0,3,0,-1515,0,-1332.666667,0.14106561,3,0.14106561,0.485422005,1332.666667,-1332.666667,0.102915599,0,0.514577995,1806336,61,82,sports,high motion,0,59.84707317
313,1.9,0,0,38.5872,6033,0,0,1,0,-1205,0,-1205,0,1,0.084033613,0,1205,-1205,0.2,0,1,2073600,61,82,sports,high motion,0,85.6355977
314,1.8333,3,2.5889,37.7419,5026.2,3.8,1,3,1205,-3998,1205,-1952,0.153061224,4,0.204081633,0.437149274,1765.25,-1162.75,0.225140291,0,0.562850726,1557504,61,82,sports,high motion,0,53.81162007
315,1.9,2,0.15,39.1431,6756,0.26667,1,1,1205,-1205,1205,-1205,0.163934426,2,0.163934426,0.029126214,1205,0,0.776699029,0,0.970873786,2073600,61,82,sports,high motion,0,77.28849105
316,2.3,3,1.9333,36.8027,3947.8,3.1667,0,2,0,-4651,0,-2972,0.165745856,2,0.110497238,0.367088608,2972,-2972,0.253164557,0,0.506329114,1148928,61,82,sports,high motion,0,65.25841443
317,1.8333,4,1.8583,37.5953,4900.6,5.4,0,1,0,-5241,0,-5241,0.207612098,1,0.051903024,0.426388427,5241,-5241,0.344166944,0,0.573611573,1209600,61,82,sports,high motion,0,47.54196849
318,1.7667,4,1.6,37.6997,5018.6,4.2,0,2,0,-4651,0,-2620.5,0.220183082,2,0.110091541,0.390243902,2620.5,-2620.5,0.365853659,0,0.609756098,1378176,61,82,sports,high motion,0,48.59586364
319,1.9,3,0.21111,39.3598,6997,0.43333,0,0,0,0,0,0,0.239362339,0,0,0.05955818,0,0,0.94044182,0,0.94044182,2073600,61,82,sports,high motion,1,73.49195047
320,2.04,1,0.04,21.688,173,0.04,0,0,0,0,0,0,0.082781457,0,0,0.003984064,0,0,0.996015936,0.996015936,0,76800,160,86,screen,smooth motion,1,19.40809413
321,0.24,0,0,24.2049,767.2,0,3,0,790,0,541.3333333,0,0,3,0.29296875,0,541.3333333,541.3333333,0.2,0.4,0.4,283392,160,86,screen,smooth motion,0,53.92102138
322,0.24,0,0,30.6116,1070.2,0,3,0,1111,0,783,0,0,3,0.29296875,0,783,783,0.2,0.4,0.4,494592,160,86,screen,smooth motion,0,48.87502451
323,1.24,0,0,24.9272,870.4,0,3,0,527,0,366,0,0,3,0.266903915,0,366,366,0.2,0,0.6,365772,160,86,screen,smooth motion,0,52.72630668
324,1.2,1,0.56,30.034,1395.2,0.56,2,1,2042,-725,1071,-725,0.085034014,3,0.255102041,0.053030303,955.6666667,472.3333333,0.189393939,0,0.568181818,722700,160,86,screen,smooth motion,0,69.41155464
325,2.08,2,0.26,24.5138,686,0.32,0,0,0,0,0,0,0.158730159,0,0,0.049429658,0,0,0.950570342,0,0,307200,160,86,screen,smooth motion,1,55.89660712
326,0.76,1,0.16,27.5317,1511,0.16,1,1,1111,-319,1111,-319,0.091575092,2,0.183150183,0.015748031,715,396,0.590551181,0,0.787401575,774144,160,86,screen,smooth motion,0,77.3002286
327,0.36,0,0,49.005,3044.4,0,1,0,2948,0,2948,0,0,1,0.096525097,0,2948,2948,0.8,0,0.8,1597440,160,86,screen,smooth motion,0,79.59731836
328,0.36,1,0.6,49.005,3044.4,0.6,1,0,2948,0,2948,0,0.091240876,1,0.091240876,0.056603774,2948,2948,0.754716981,0,0.754716981,1597440,160,86,screen,smooth motion,0,69.09025821
329,1.36,3,1.2133,54.7862,3548.8,1.92,0,1,0,-426,0,-426,0.2,1,0.066666667,0.26686217,426,-426,0.586510264,0,0.73313783,2073600,160,86,screen,smooth motion,0,74.97166485
330,0.66667,0,0,25.3204,427.4,0,2,1,434,-703,351.5,-703,0,3,0.281249121,0,468.6666667,0,0.1999994,0.5999982,0,133352,81,13,architecture,static,0,28.00784809
331,0.26667,0,0,27.0705,845.2,0,2,1,952,-952,827.5,-952,0,3,0.292206843,0,869,234.3333333,0.1999994,0.3999988,0.1999994,276480,81,13,architecture,static,0,45.81435886
332,1.2,0,0,25.7523,447.2,0,1,0,137,0,137,0,0,1,0.089285714,0,137,137,0.6,0,0,158700,81,13,architecture,static,0,38.64097925
333,1.2,0,0,26.6666,735,0,2,0,434,0,285.5,0,0,2,0.178571429,0,285.5,285.5,0.6,0,0,237586,81,13,architecture,static,0,40.91857064
334,1.2,2,4.9167,30.4359,1690.2,9.0333,3,1,2763,-1377,1147.666667,-1377,0.095087314,4,0.190174628,0.495797472,1205,516.5,0.100840506,0,0.302521517,685850,81,13,architecture,static,0,31.99007924
335,0.8,0,0,31.1359,2023.4,0,2,0,952,0,747.5,0,0,2,0.185185185,0,747.5,747.5,0.6,0,0.8,774144,81,13,architecture,static,0,76.63531216
336,1.2667,0,0,31.7638,1888,0,0,0,0,0,0,0,0,0,0,0,0,0,1,0,1,921600,81,13,architecture,static,1,79.99073136
337,1.3,1,0.066667,34.0645,2656,0.066667,2,0,834,0,688.5,0,0.087976282,2,0.175952563,0.006625806,688.5,688.5,0.397349678,0,0.993374194,1327104,81,13,architecture,static,0,79.16441608
338,3.2667,1,0.53333,29.3371,1554.6,0.53333,0,3,0,-646,0,-498.3333333,0.072463768,3,0.217391304,0.050629907,498.3333333,-498.3333333,0.189874019,0,0.569622056,525312,81,13,architecture,static,0,60.1736895
339,1.3667,0,0,37.0133,3491,0,0,1,0,-1130,0,-1130,0,1,0.087976282,0,1130,-1130,0.2,0,1,2073600,81,13,architecture,static,0,92.32300826
340,1.9167,4,0.60417,32.2722,229,1,0,0,0,0,0,0,0.279070416,0,0,0.194626548,0,0,0.805373452,0.805373452,0,76800,53,66,movie,smooth motion,1,18.54165612
341,0.54167,0,0,34.281,471.8,0,2,1,636,-463,385.5,-463,0,3,0.28458408,0,411.3333333,102.6666667,0.1999994,0.3999988,0,141810,53,66,movie,smooth motion,0,41.9381977
342,0.29167,0,0,35.6663,900.8,0,2,0,943,0,717,0,0,2,0.194331354,0,717,717,0.3999988,0.3999988,0.3999988,188552,53,66,movie,smooth motion,0,56.68816811
343,0.75,0,0,36.2937,1014.6,0,2,1,1512,-569,1001.5,-569,0,3,0.279069767,0,857.3333333,478,0.2,0.4,0.4,259560,53,66,movie,smooth motion,0,47.44747535
344,0.25,0,0,35.9296,956.8,0,2,0,771,0,717,0,0,2,0.195121951,0,717,717,0.4,0.4,0.4,208896,53,66,movie,smooth motion,0,57.99042101
345,0.25,0,0,36.3365,1070.6,0,3,0,771,0,667.6666667,0,0,3,0.292682927,0,667.6666667,667.6666667,0.2,0.4,0.4,283392,53,66,movie,smooth motion,0,54.49336842
346,0.29167,0,0,36.4874,1197.4,0,3,0,1203,0,879,0,0,3,0.291497032,0,879,879,0.1999994,0.3999988,0.3999988,283392,53,66,movie,smooth motion,0,54.2751147
347,0.25,0,0,37.1148,1311.2,0,3,0,1232,0,879,0,0,3,0.292682927,0,879,879,0.2,0.4,0.4,368640,53,66,movie,smooth motion,0,52.42623888
348,0.25,0,0,38.1084,1682.4,0,3,0,1866,0,1286.333333,0,0,3,0.292682927,0,1286.333333,1286.333333,0.2,0.4,0.4,494592,53,66,movie,smooth motion,0,48.46512808
349,1.2083,0,0,34.4895,433.2,0,1,0,173,0,173,0,0,1,0.089219596,0,173,173,0.4,0,0,141810,53,66,movie,smooth motion,0,43.04489524
350,1.25,0,0,35.8052,689.6,0,2,0,356,0,318,0,0,2,0.177777778,0,318,318,0.4,0,0,196608,53,66,movie,smooth motion,0,57.15279144
351,1.2083,2,3.6667,37.853,1624.6,6.4583,2,1,2502,-1203,1852.5,-1203,0.107864975,3,0.161797462,0.423079142,1636,834,0.230768343,0,0.346152515,403691,53,66,movie,smooth motion,0,31.68104963
352,1.2083,0,0,36.4097,856.8,0,4,0,663,0,324.75,0,0,4,0.356878385,0,324.75,324.75,0.2,0,0.2,222859,53,66,movie,smooth motion,0,56.73843363
353,1.25,0,0,35.3886,537,0,0,0,0,0,0,0,0,0,0,0,0,0,1,0,0,196608,53,66,movie,smooth motion,1,47.19887172
354,1.25,3,0.43056,35.9797,683.4,0.66667,1,0,183,0,183,0,0.239202022,1,0.079734007,0.114393758,183,183,0.708484993,0,0,196608,53,66,movie,smooth motion,0,38.9180398
355,5.875,4,0.64583,32.9775,327.2,1.0417,0,1,0,-491,0,-491,0.21670468,1,0.05417617,0.205295908,491,-491,0.158940818,0.635763274,0,95944,53,66,movie,smooth motion,0,23.12839103
356,1.6667,1,0.125,35.5281,573.6,0.125,0,1,0,-183,0,-183,0.084805414,1,0.084805414,0.012345679,183,-183,0.197530864,0,0,196608,53,66,movie,smooth motion,0,47.88547535
357,1.3333,0,0,37.7108,1285.8,0,1,0,943,0,943,0,0,1,0.088235554,0,943,943,0.6,0,0.6,280476,53,66,movie,smooth motion,0,64.6777957
358,0.75,0,0,37.9454,1190.4,0,2,0,1232,0,756,0,0,2,0.186046512,0,756,756,0.2,0,0.2,376936,53,66,movie,smooth motion,0,57.00391692
359,0.625,1,0.29167,38.3006,1474.4,0.29167,1,0,943,0,943,0,0.091602774,1,0.091602774,0.028340313,943,943,0.777325418,0,0.777325418,311880,53,66,movie,smooth motion,0,68.78964488
360,0.66667,1,0.083333,38.7074,1588.2,0.083333,2,0,943,0,756,0,0.093023256,2,0.186046512,0.008264135,756,756,0.198347173,0,0.793388692,401320,53,66,movie,smooth motion,0,62.11248154
361,0.5,1,0.20833,40.2659,2056.4,0.20833,2,0,1512,0,1073,0,0.093385505,2,0.186771009,0.020407903,1073,1073,0.195919007,0,0.783676028,734152,53,66,movie,smooth motion,0,71.59626407
362,0.41667,2,1.8542,39.23,1828.8,2.3333,1,2,2146,-634,2146,-601.5,0.14159292,3,0.212389381,0.27051654,1116.333333,314.3333333,0.145896692,0,0.583586768,501512,53,66,movie,smooth motion,0,62.17144987
363,0.33333,2,0.54167,42.17,2925.6,0.83333,1,1,3368,-1222,3368,-1222,0.17518197,2,0.17518197,0.097747346,2295,1073,0.360901062,0,0.721802123,1100072,53,66,movie,smooth motion,0,59.92797823
364,0.33333,3,0.95833,43.2676,3170,1.5833,1,1,3368,-1222,3368,-1222,0.227129911,2,0.15141994,0.223299161,2295,1073,0.466020503,0,0.621360671,1310680,53,66,movie,smooth motion,0,63.26977406
365,0.33333,2,0.1875,44.1435,3414.4,0.20833,1,0,3368,0,3368,0,0.186771009,1,0.093385505,0.036144683,3368,3368,0.771086567,0,0.771086567,1539720,53,66,movie,smooth motion,0,66.93568832
366,0.33333,0,0,45.0517,4164.2,0,3,0,3368,0,1920.333333,0,0,3,0.290323517,0,1920.333333,1920.333333,0.2000006,0,0.8000024,1539720,53,66,movie,smooth motion,0,78.40347991
367,0.33333,2,3.1875,45.2856,4228,6.3333,2,0,3368,0,2362,0,0.119700987,2,0.119700987,0.389311858,2362,2362,0.366412885,0,0.488550513,1539720,53,66,movie,smooth motion,0,59.42936677
368,0.91667,0,0,37.5359,1000,0,0,0,0,0,0,0,0,0,0,0,0,0,0.999997,0,0,307200,53,66,movie,smooth motion,1,67.219314
369,1.0833,0,0,37.8077,1132.6,0,1,0,663,0,663,0,0,1,0.090225835,0,663,663,0.2,0,0.2,314880,53,66,movie,smooth motion,0,72.46271195
370,1.0833,0,0,39.7804,2096.2,0,1,0,5481,0,5481,0,0,1,0.090225835,0,5481,5481,0.2,0,0.2,537600,53,66,movie,smooth motion,0,66.39631353
371,0.91667,0,0,38.9767,1644.2,0,2,0,663,0,616,0,0,2,0.183205547,0,616,616,0.1999994,0,0.7999976,430848,53,66,movie,smooth motion,0,72.66744182
372,0.91667,0,0,39.604,1758,0,2,0,663,0,616,0,0,2,0.183205547,0,616,616,0.3999988,0,0.7999976,534528,53,66,movie,smooth motion,0,72.10181961
373,1.0833,1,0.83333,39.755,1884.8,0.83333,3,0,663,0,622,0,0.083915849,3,0.251747548,0.076928757,622,622,0.184614249,0,0.738456994,534528,53,66,movie,smooth motion,0,61.0733567
374,0.91667,0,0,41.059,2369.8,0,4,0,1222,0,772,0,0,4,0.366411095,0,772,772,0.1999994,0,0.7999976,812928,53,66,movie,smooth motion,0,72.94739635
375,1.4167,1,0.25,38.7991,1663,0.25,0,0,0,0,0,0,0.085714041,0,0,0.024390244,0,0,0.975609756,0,0.975609756,345600,53,66,movie,smooth motion,1,63.08079315
376,1.2083,0,0,38.7991,1663,0,0,0,0,0,0,0,0,0,0,0,0,0,1,0,1,345600,53,66,movie,smooth motion,1,70.39873165
377,1.2083,0,0,40.7644,2245,0,2,0,634,0,601.5,0,0,2,0.178439192,0,601.5,601.5,0.2,0,1,784896,53,66,movie,smooth motion,0,83.15295362
378,1.2083,1,0.083333,40.8821,2371.8,0.083333,2,0,634,0,601.5,0,0.088560624,2,0.177121248,0.00827102,601.5,601.5,0.396691592,0,0.99172898,784896,53,66,movie,smooth motion,0,78.16840153
379,1.2083,1,0.083333,41.9338,2743,0.083333,3,0,1222,0,808.3333333,0,0.088560624,3,0.265681873,0.00827102,808.3333333,808.3333333,0.198345796,0,0.99172898,964224,53,66,movie,smooth motion,0,78.77613599
380,1.7917,1,0.79167,38.4227,1379,0.79167,0,2,0,-663,0,-616,0.079470409,2,0.158940818,0.073353349,616,-616,0.18532933,0,0.37065866,413952,53,66,movie,smooth motion,0,65.89479891
381,1.6667,2,1.0625,38.9736,1644.2,1.2083,1,2,663,-663,663,-616,0.145014755,3,0.217522133,0.175257732,631.6666667,-189.6666667,0.164948454,0,0.659793814,430848,53,66,movie,smooth motion,0,60.77677788
382,2.2083,2,0.70833,39.5314,1884.8,1.2083,1,2,1866,-663,1866,-616,0.146788991,3,0.220183486,0.124090149,1032.666667,211.3333333,0.17518197,0,0.700727881,534528,53,66,movie,smooth motion,0,63.90173013
383,1.5833,2,1,39.1643,1625.4,1.5,1,1,663,-1232,663,-1232,0.147239625,2,0.147239625,0.166666667,947.5,-284.5,0.333333333,0,0.5,525312,53,66,movie,smooth motion,0,60.77279417
384,1.5,0,0,42.3609,3110.4,0,0,1,0,-1222,0,-1222,0,1,0.086956522,0,1222,-1222,0.2,0,1,1115136,53,66,movie,smooth motion,0,86.28115873
385,1.5,0,0,42.3609,3110.4,0,0,1,0,-1222,0,-1222,0,1,0.086956522,0,1222,-1222,0.2,0,1,1115136,53,66,movie,smooth motion,0,80.13786513
386,1.5,4,0.51042,43.6713,3472.4,0.91667,0,2,0,-1222,0,-928,0.295383888,2,0.147691944,0.169552472,928,-928,0.498268517,0,0.830447528,1557504,53,66,movie,smooth motion,0,63.83252122
387,1.5,4,0.61458,43.8222,3599.2,1.0833,0,1,0,-1222,0,-1222,0.286567849,1,0.071641962,0.197322267,1222,-1222,0.48160664,0,0.802677733,1557504,53,66,movie,smooth motion,0,63.80502267
388,1.5,4,0.76042,44.7689,3716.8,1.4167,0,1,0,-1856,0,-1856,0.275071003,1,0.068767751,0.233228797,1856,-1856,0.613416963,0,0.766771203,1806336,53,66,movie,smooth motion,0,58.14059456
389,1.4583,2,0.16667,45.7958,4088,0.20833,0,0,0,0,0,0,0.169610828,0,0,0.032264308,0,0,0.967735692,0,0.967735692,2073600,53,66,movie,smooth motion,1,76.41686293
390,1.9167,4,1.3542,44.1693,3951,2.1667,0,3,0,-2393,0,-1416.333333,0.230769675,3,0.173077256,0.351348546,1416.333333,-1416.333333,0.129730291,0,0.648651454,1557504,53,66,movie,smooth motion,0,55.4033768
391,1.9167,4,1.4688,43.9511,3981.6,2.9167,0,4,0,-1856,0,-1204.5,0.224823935,4,0.224823935,0.37007874,1204.5,-1204.5,0.125984252,0,0.62992126,1378176,53,66,movie,smooth motion,0,53.3346829
392,1.9583,4,1.9271,44.4757,4222.2,3,0,4,0,-1356,0,-1062.25,0.203389486,4,0.203389486,0.435296244,1062.25,-1062.25,0.112940751,0,0.564703756,1557504,53,66,movie,smooth motion,0,48.00377909
393,1.5417,3,2.8056,46.1229,4864.6,3.4167,0,3,0,-1356,0,-1205,0.150313403,3,0.150313403,0.457011609,1205,-1205,0.108597678,0,0.542988391,1806336,53,66,movie,smooth motion,0,58.69637224
394,1.625,0,0,47.7423,5651.4,0,0,1,0,-1037,0,-1037,0,1,0.086021505,0,1037,-1037,0.2,0,1,2073600,53,66,movie,smooth motion,0,75.68194023
395,1.9167,4,1.1354,42.7652,3830.8,2.1667,0,2,0,-3615,0,-2409,0.243038467,2,0.121519233,0.312317764,2409,-2409,0.275072894,0,0.687682236,1007616,53,66,movie,smooth motion,0,55.08960716
396,1.5417,3,2.125,44.0444,4553.8,5.9167,0,1,0,-4818,0,-4818,0.167441549,1,0.05581385,0.389312977,4818,-4818,0.366412214,0,0.610687023,1209600,53,66,movie,smooth motion,0,56.14275029
397,1.5417,4,1.8229,44.6717,4667.6,5.875,0,2,0,-4249,0,-2409,0.212389756,2,0.106194878,0.421684517,2409,-2409,0.34698929,0,0.578315483,1378176,53,66,movie,smooth motion,0,39.30535171
398,1.5417,4,2.2917,45.1963,4908.2,5.9583,0,2,0,-3615,0,-2124.5,0.193159265,2,0.096579632,0.478259055,2124.5,-2124.5,0.313044567,0,0.521740945,1557504,53,66,movie,smooth motion,0,54.44943266
399,1.625,2,0.20833,48.4402,6481,0.33333,0,0,0,0,0,0,0.166089506,0,0,0.040003072,0,0,0.959996928,0,0.959996928,2073600,53,66,movie,smooth motion,1,72.64234027
400,2,4,0.39583,30.3101,214,0.79167,0,0,0,0,0,0,0.29447925,0,0,0.136688163,0,0,0.863311837,0.863311837,0,76800,56,11,movie,static,1,20.06484038
401,0.58333,0,0,32.5782,475.8,0,2,1,373,-205,314.5,-205,0,3,0.28346546,0,278,141.3333333,0.2000006,0.4000012,0,158700,56,11,movie,static,0,48.03977039
402,1.25,0,0,34.1798,666.6,0,2,0,373,0,254.5,0,0,2,0.177777778,0,254.5,254.5,0.6,0,0,237586,56,11,movie,static,0,48.85352122
403,0.375,0,0,44.5676,3025.8,0,2,0,2424,0,1821,0,0,2,0.192771084,0,1821,1821,0.2,0,0.8,1597440,56,11,movie,static,0,81.90675642
404,0.33333,0,0,45.7021,4330.8,0,2,0,3642,0,2299.5,0,0,2,0.193549011,0,2299.5,2299.5,0.6000018,0,0.8000024,1597440,56,11,movie,static,0,82.97106665
405,0.33333,2,4.0417,45.7021,4330.8,7.4167,2,0,3642,0,2299.5,0,0.108597089,2,0.108597089,0.44700573,2299.5,2299.5,0.331796562,0,0.442395416,1597440,56,11,movie,static,0,59.64570396
406,1.7917,1,0.75,37.3745,1542.2,0.75,0,3,0,-567,0,-483,0.079734007,3,0.239202022,0.069767442,483,-483,0.186046512,0,0.744186047,534528,56,11,movie,static,0,69.46200948
407,2.2917,2,0.625,39.2084,1901.2,0.95833,1,2,882,-536,882,-441,0.147691944,3,0.221537916,0.111111111,588,0,0.355555556,0,0.888888889,784896,56,11,movie,static,0,69.22722327
408,1.4167,4,0.96875,45.771,3939.2,2.0833,0,1,0,-2729,0,-2729,0.261579811,1,0.065394953,0.279279279,2729,-2729,0.576576577,0,0.720720721,1806336,56,11,movie,static,0,70.36469192
409,1.25,2,3,45.5817,4635.6,5.5,0,1,0,-4032,0,-4032,0.115942029,1,0.057971014,0.375,4032,-4032,0.5,0,0.625,1612800,56,11,movie,static,0,69.83297783
410,1.8,3,0.33333,27.1352,201,0.43333,0,0,0,0,0,0,0.234375,0,0,0.090909091,0,0,0.909090909,0.909090909,0,76800,66,15,architecture,static,1,20.67360459
411,0.53333,0,0,28.7012,398.6,0,2,1,362,-510,310,-510,0,3,0.284811028,0,376.6666667,36.66666667,0.2000006,0.4000012,0,141810,66,15,architecture,static,0,32.32734737
412,0.16667,0,0,30.6596,860,0,2,1,1435,-1435,1027.5,-1435,0,3,0.295081,0,1163.333333,206.6666667,0.1999994,0.3999988,0.1999994,276480,66,15,architecture,static,0,45.85142986
413,1.2333,0,0,29.7494,490.6,0,1,0,158,0,158,0,0,1,0.089021036,0,158,158,0.2,0,0,196608,66,15,architecture,static,0,44.78047871
414,1.8667,1,0.033333,30.1689,657.8,0.033333,0,1,0,-204,0,-204,0.084033613,1,0.084033613,0.003318948,204,-204,0.19933621,0,0,216411,66,15,architecture,static,0,41.21287929
415,1.5333,1,0.033333,33.733,1626,0.033333,2,0,516,0,439,0,0.086455082,2,0.172910165,0.003328882,439,439,0.199334224,0,0.996671118,543744,66,15,architecture,static,0,78.34730852
416,2,2,1.1667,35.3729,1977.2,1.4333,1,1,362,-878,362,-878,0.139535208,2,0.139535208,0.189186998,620,-258,0.486487801,0,0.810813002,784896,66,15,architecture,static,0,65.02836962
417,1.3667,4,0.75833,40.6179,3676.4,1.7667,0,1,0,-1114,0,-1114,0.277777778,1,0.069444444,0.232734611,1114,-1114,0.460359234,0,0.767265389,2073600,66,15,architecture,static,0,71.54701076
418,1.3667,4,0.74167,40.0395,3748.8,1.6,0,1,0,-1866,0,-1866,0.279070416,1,0.069767604,0.228787809,1866,-1866,0.616969753,0,0.771212191,1806336,66,15,architecture,static,0,66.29644002
419,1.3667,0,0,41.0482,4122,0,0,0,0,0,0,0,0,0,0,0,0,0,1,0,1,2073600,66,15,architecture,static,1,93.66028694
420,1.875,0,0,35.6386,537.6,0,0,1,0,-168,0,-168,0,1,0.084210526,0,168,-168,0.2,0,0,196608,72,56,movie,average motion,0,31.89859294
421,1.1667,1,0.41667,38.8892,1775.2,0.41667,3,0,641,0,595,0,0.086331184,3,0.258993551,0.039993856,595,595,0.192001229,0,0.768004915,534528,72,56,movie,average motion,0,66.80669198
422,0.41667,1,4.3333,41.6171,3346.2,4.3333,1,0,3014,0,3014,0,0.06779661,1,0.06779661,0.302325419,3014,3014,0.558139665,0,0.558139665,1597440,72,56,movie,average motion,0,56.86660205
423,1.5,0,0,38.439,1571,0,0,0,0,0,0,0,0,0,0,0,0,0,1,0,1,345600,72,56,movie,average motion,1,68.32278655
424,1.8333,2,1.125,39.2752,1748.6,1.3333,1,1,636,-1144,636,-1144,0.14201217,2,0.14201217,0.183673469,890,-254,0.489795918,0,0.653061224,648960,72,56,movie,average motion,0,61.66535158
425,1.375,0,0,42.6037,3949,0,0,0,0,0,0,0,0,0,0,0,0,0,1,0,1,2073600,72,56,movie,average motion,1,86.47797962
426,1.375,4,1.1042,42.6037,3949,3.1667,0,0,0,0,0,0,0.253297618,0,0,0.306359985,0,0,0.693640015,0,0.693640015,2073600,72,56,movie,average motion,1,46.64045889
427,1.7083,0,0,43.6289,5681.4,0,0,1,0,-1217,0,-1217,0,1,0.085409496,0,1217,-1217,0.2,0,1,2073600,72,56,movie,average motion,0,89.20234318
428,1.7083,0,0,43.867,6411.6,0,1,1,1217,-1217,1217,-1217,0,2,0.170818992,0,1217,0,0.8,0,1,2073600,72,56,movie,average motion,0,88.2245868
429,2.0417,3,1.5139,41.9434,3937,2.125,0,2,0,-3935,0,-2860,0.180904886,2,0.120603257,0.312317764,2860,-2860,0.275072894,0,0.550145789,1148928,72,56,movie,average motion,0,54.1545472
430,1.6667,3,0.65278,34.1592,212,1.375,0,0,0,0,0,0,0.220183486,0,0,0.163760735,0,0,0.836239265,0.836239265,0,76800,40,52,human,smooth motion,1,23.5144171
431,1,2,2.8125,39.8143,1490,5.5,3,1,1526,-592,756,-592,0.120300752,4,0.240601504,0.36,715,419,0.128,0,0.384,536002,40,52,human,smooth motion,0,47.27294056
432,1.4167,1,1.9583,40.1249,1422.2,1.9583,2,1,871,-257,679.5,-257,0.074766355,3,0.224299065,0.163760735,538.6666667,367.3333333,0.334495706,0,0.501743559,492616,40,52,human,smooth motion,0,65.70309564
433,0.70833,0,0,38.954,910,0,0,0,0,0,0,0,0,0,0,0,0,0,1.000003,0,0,307200,40,52,human,smooth motion,1,71.40238401
434,0.45833,2,1.7292,40.9318,1714.8,2,1,2,1694,-592,1694,-540,0.143712231,3,0.215568346,0.256967969,924.6666667,204.6666667,0.148606406,0,0.594425625,534528,40,52,human,smooth motion,0,59.922673
435,0.33333,3,1.3472,43.0224,3415.8,2.75,2,1,2784,-1393,2088.5,-1393,0.208695652,3,0.208695652,0.287833997,1856.666667,928,0.142433201,0,0.569732802,1597440,40,52,human,smooth motion,0,54.35144904
436,1.2083,3,0.36111,43.4648,3258,0.54167,0,1,0,-1090,0,-1090,0.244067135,1,0.081355712,0.097749788,1090,-1090,0.541350127,0,0.902250212,1557504,40,52,human,smooth motion,0,64.86824622
437,1.7083,4,1.0833,43.3682,3816.6,2,0,4,0,-1393,0,-1162.5,0.249350131,4,0.249350131,0.302328826,1162.5,-1162.5,0.139534235,0,0.697671174,1378176,40,52,human,smooth motion,0,56.40698625
438,1.7083,4,1.4479,43.9224,4032.6,1.9167,0,3,0,-1393,0,-1190,0.228571429,3,0.171428571,0.366755954,1190,-1190,0.126648809,0,0.633244046,1557504,40,52,human,smooth motion,0,52.58577103
439,1.4167,2,4.5417,44.7096,5025.8,6,0,2,0,-1393,0,-1240,0.097560976,2,0.097560976,0.475981617,1240,-1240,0.104803677,0,0.524018383,2073600,40,52,human,smooth motion,0,47.35715958
440,0.88,0,0,28.5545,884.6,0,2,1,1236,-1518,1004.5,-1518,0,3,0.275735294,0,1175.666667,163.6666667,0.2,0.4,0.2,252968,97,89,animation,high motion,0,56.04252199
441,0.24,0,0,29.1346,1072.6,0,2,1,1236,-578,1004.5,-578,0,3,0.29296875,0,862.3333333,477,0.2,0.4,0.4,283392,97,89,animation,high motion,0,66.36993875
442,1.24,0,0,28.7486,725.2,0,3,0,282,0,213.3333333,0,0,3,0.266903915,0,213.3333333,213.3333333,0.4,0,0,216411,97,89,animation,high motion,0,58.55924552
443,1.24,2,3.64,31.1565,1660.8,6.84,3,1,2336,-1211,1240,-1211,0.107991361,4,0.215982721,0.421296296,1232.75,627.25,0.231481481,0,0.347222222,432530,97,89,animation,high motion,0,52.25077158
444,6.64,3,0.76,25.7789,328.2,1.16,0,1,0,-491,0,-491,0.158562368,1,0.052854123,0.185667752,491,-491,0.16286645,0.651465798,0,95944,97,89,animation,high motion,0,27.85180073
445,1.92,1,0.44,28.062,573,0.44,0,1,0,-185,0,-185,0.080906149,1,0.080906149,0.042145594,185,-185,0.191570881,0,0,196608,97,89,animation,high motion,0,54.48346921
446,0.76,1,0.16,31.7082,1588.6,0.16,2,0,940,0,759,0,0.091575092,2,0.183150183,0.015748031,759,759,0.196850394,0,0.787401575,401320,97,89,animation,high motion,0,76.44503684
447,1.2,0,0,30.3363,1134.6,0,1,0,658,0,658,0,0,1,0.089285714,0,658,658,0.2,0,0.2,314880,97,89,animation,high motion,0,72.68205014
448,2.28,4,2.09,35.9435,4297.8,3.08,0,4,0,-1425,0,-1116.5,0.19379845,4,0.19379845,0.455337691,1116.5,-1116.5,0.108932462,0,0.544662309,1557504,97,89,animation,high motion,0,59.80822555
449,1.88,1,0.16,37.5023,5780.2,0.16,0,1,0,-1156,0,-1156,0.083056478,1,0.083056478,0.015748031,1156,-1156,0.196850394,0,0.984251969,2073600,97,89,animation,high motion,0,87.92
